model,scope,method,route_fraction,accuracy,gain_vs_random,resume_saving,rerun_saving
qwen,core_3seed,fixed_base,0.0000,0.8646,,0.5000,0.5000
qwen,core_3seed,fixed_extended,1.0000,0.9033,,0.0000,-0.5000
qwen,core_3seed,route_every_cap_hit,0.2033,0.9033,,0.3983,0.2967
qwen,core_3seed,random,0.0000,0.8646,+0.0000,0.5000,0.5000
qwen,core_3seed,cap_hit_rank,0.0000,0.8646,+0.0000,0.5000,0.5000
qwen,core_3seed,learned_logistic,0.0000,0.8646,+0.0000,0.5000,0.5000
qwen,core_3seed,learned_forest,0.0000,0.8646,+0.0000,0.5000,0.5000
qwen,core_3seed,random,0.0500,0.8665,+0.0000,0.4750,0.4500
qwen,core_3seed,cap_hit_rank,0.0500,0.8921,+0.0256,0.4750,0.4500
qwen,core_3seed,learned_logistic,0.0500,0.8879,+0.0214,0.4750,0.4500
qwen,core_3seed,learned_forest,0.0500,0.8908,+0.0243,0.4750,0.4500
qwen,core_3seed,random,0.1000,0.8684,+0.0000,0.4500,0.4000
qwen,core_3seed,cap_hit_rank,0.1000,0.9012,+0.0328,0.4500,0.4000
qwen,core_3seed,learned_logistic,0.1000,0.9012,+0.0328,0.4500,0.4000
qwen,core_3seed,learned_forest,0.1000,0.9000,+0.0316,0.4500,0.4000
qwen,core_3seed,random,0.1500,0.8705,+0.0000,0.4250,0.3500
qwen,core_3seed,cap_hit_rank,0.1500,0.9033,+0.0329,0.4250,0.3500
qwen,core_3seed,learned_logistic,0.1500,0.9029,+0.0324,0.4250,0.3500
qwen,core_3seed,learned_forest,0.1500,0.9029,+0.0324,0.4250,0.3500
qwen,core_3seed,random,0.2000,0.8723,+0.0000,0.4000,0.3000
qwen,core_3seed,cap_hit_rank,0.2000,0.9033,+0.0310,0.4000,0.3000
qwen,core_3seed,learned_logistic,0.2000,0.9033,+0.0310,0.4000,0.3000
qwen,core_3seed,learned_forest,0.2000,0.9033,+0.0310,0.4000,0.3000
qwen,core_3seed,random,0.2500,0.8743,+0.0000,0.3750,0.2500
qwen,core_3seed,cap_hit_rank,0.2500,0.9033,+0.0291,0.3750,0.2500
qwen,core_3seed,learned_logistic,0.2500,0.9033,+0.0291,0.3750,0.2500
qwen,core_3seed,learned_forest,0.2500,0.9033,+0.0291,0.3750,0.2500
qwen,core_3seed,random,0.3000,0.8761,+0.0000,0.3500,0.2000
qwen,core_3seed,cap_hit_rank,0.3000,0.9033,+0.0272,0.3500,0.2000
qwen,core_3seed,learned_logistic,0.3000,0.9033,+0.0272,0.3500,0.2000
qwen,core_3seed,learned_forest,0.3000,0.9033,+0.0272,0.3500,0.2000
qwen,core_3seed,random,0.3500,0.8781,+0.0000,0.3250,0.1500
qwen,core_3seed,cap_hit_rank,0.3500,0.9033,+0.0252,0.3250,0.1500
qwen,core_3seed,learned_logistic,0.3500,0.9033,+0.0252,0.3250,0.1500
qwen,core_3seed,learned_forest,0.3500,0.9033,+0.0252,0.3250,0.1500
qwen,core_3seed,random,0.4000,0.8801,+0.0000,0.3000,0.1000
qwen,core_3seed,cap_hit_rank,0.4000,0.9033,+0.0232,0.3000,0.1000
qwen,core_3seed,learned_logistic,0.4000,0.9033,+0.0232,0.3000,0.1000
qwen,core_3seed,learned_forest,0.4000,0.9033,+0.0232,0.3000,0.1000
qwen,core_3seed,random,0.4500,0.8819,+0.0000,0.2750,0.0500
qwen,core_3seed,cap_hit_rank,0.4500,0.9033,+0.0214,0.2750,0.0500
qwen,core_3seed,learned_logistic,0.4500,0.9033,+0.0214,0.2750,0.0500
qwen,core_3seed,learned_forest,0.4500,0.9033,+0.0214,0.2750,0.0500
qwen,core_3seed,random,0.5000,0.8841,+0.0000,0.2500,0.0000
qwen,core_3seed,cap_hit_rank,0.5000,0.9033,+0.0192,0.2500,0.0000
qwen,core_3seed,learned_logistic,0.5000,0.9033,+0.0192,0.2500,0.0000
qwen,core_3seed,learned_forest,0.5000,0.9033,+0.0192,0.2500,0.0000
qwen,core_3seed,random,0.5500,0.8858,+0.0000,0.2250,-0.0500
qwen,core_3seed,cap_hit_rank,0.5500,0.9033,+0.0175,0.2250,-0.0500
qwen,core_3seed,learned_logistic,0.5500,0.9033,+0.0175,0.2250,-0.0500
qwen,core_3seed,learned_forest,0.5500,0.9033,+0.0175,0.2250,-0.0500
qwen,core_3seed,random,0.6000,0.8878,+0.0000,0.2000,-0.1000
qwen,core_3seed,cap_hit_rank,0.6000,0.9033,+0.0155,0.2000,-0.1000
qwen,core_3seed,learned_logistic,0.6000,0.9033,+0.0155,0.2000,-0.1000
qwen,core_3seed,learned_forest,0.6000,0.9033,+0.0155,0.2000,-0.1000
qwen,core_3seed,random,0.6500,0.8897,+0.0000,0.1750,-0.1500
qwen,core_3seed,cap_hit_rank,0.6500,0.9033,+0.0137,0.1750,-0.1500
qwen,core_3seed,learned_logistic,0.6500,0.9033,+0.0137,0.1750,-0.1500
qwen,core_3seed,learned_forest,0.6500,0.9033,+0.0137,0.1750,-0.1500
qwen,core_3seed,random,0.7000,0.8917,+0.0000,0.1500,-0.2000
qwen,core_3seed,cap_hit_rank,0.7000,0.9033,+0.0116,0.1500,-0.2000
qwen,core_3seed,learned_logistic,0.7000,0.9033,+0.0116,0.1500,-0.2000
qwen,core_3seed,learned_forest,0.7000,0.9033,+0.0116,0.1500,-0.2000
qwen,core_3seed,random,0.7500,0.8937,+0.0000,0.1250,-0.2500
qwen,core_3seed,cap_hit_rank,0.7500,0.9033,+0.0096,0.1250,-0.2500
qwen,core_3seed,learned_logistic,0.7500,0.9033,+0.0096,0.1250,-0.2500
qwen,core_3seed,learned_forest,0.7500,0.9033,+0.0096,0.1250,-0.2500
qwen,core_3seed,random,0.8000,0.8956,+0.0000,0.1000,-0.3000
qwen,core_3seed,cap_hit_rank,0.8000,0.9033,+0.0077,0.1000,-0.3000
qwen,core_3seed,learned_logistic,0.8000,0.9033,+0.0077,0.1000,-0.3000
qwen,core_3seed,learned_forest,0.8000,0.9033,+0.0077,0.1000,-0.3000
qwen,core_3seed,random,0.8500,0.8975,+0.0000,0.0750,-0.3500
qwen,core_3seed,cap_hit_rank,0.8500,0.9033,+0.0059,0.0750,-0.3500
qwen,core_3seed,learned_logistic,0.8500,0.9033,+0.0059,0.0750,-0.3500
qwen,core_3seed,learned_forest,0.8500,0.9033,+0.0059,0.0750,-0.3500
qwen,core_3seed,random,0.9000,0.8995,+0.0000,0.0500,-0.4000
qwen,core_3seed,cap_hit_rank,0.9000,0.9033,+0.0039,0.0500,-0.4000
qwen,core_3seed,learned_logistic,0.9000,0.9033,+0.0039,0.0500,-0.4000
qwen,core_3seed,learned_forest,0.9000,0.9033,+0.0039,0.0500,-0.4000
qwen,core_3seed,random,0.9500,0.9013,+0.0000,0.0250,-0.4500
qwen,core_3seed,cap_hit_rank,0.9500,0.9033,+0.0020,0.0250,-0.4500
qwen,core_3seed,learned_logistic,0.9500,0.9033,+0.0020,0.0250,-0.4500
qwen,core_3seed,learned_forest,0.9500,0.9033,+0.0020,0.0250,-0.4500
qwen,core_3seed,random,1.0000,0.9033,+0.0000,0.0000,-0.5000
qwen,core_3seed,cap_hit_rank,1.0000,0.9033,+0.0000,0.0000,-0.5000
qwen,core_3seed,learned_logistic,1.0000,0.9033,+0.0000,0.0000,-0.5000
qwen,core_3seed,learned_forest,1.0000,0.9033,+0.0000,0.0000,-0.5000
llama,core_3seed,fixed_base,0.0000,0.7671,,0.5000,0.5000
llama,core_3seed,fixed_extended,1.0000,0.7742,,0.0000,-0.5000
llama,core_3seed,route_every_cap_hit,0.2154,0.7742,,0.3923,0.2846
llama,core_3seed,random,0.0000,0.7671,+0.0000,0.5000,0.5000
llama,core_3seed,cap_hit_rank,0.0000,0.7671,+0.0000,0.5000,0.5000
llama,core_3seed,learned_logistic,0.0000,0.7671,+0.0000,0.5000,0.5000
llama,core_3seed,learned_forest,0.0000,0.7671,+0.0000,0.5000,0.5000
llama,core_3seed,random,0.0500,0.7674,+0.0000,0.4750,0.4500
llama,core_3seed,cap_hit_rank,0.0500,0.7717,+0.0042,0.4750,0.4500
llama,core_3seed,learned_logistic,0.0500,0.7721,+0.0047,0.4750,0.4500
llama,core_3seed,learned_forest,0.0500,0.7733,+0.0059,0.4750,0.4500
llama,core_3seed,random,0.1000,0.7678,+0.0000,0.4500,0.4000
llama,core_3seed,cap_hit_rank,0.1000,0.7742,+0.0064,0.4500,0.4000
llama,core_3seed,learned_logistic,0.1000,0.7738,+0.0060,0.4500,0.4000
llama,core_3seed,learned_forest,0.1000,0.7746,+0.0068,0.4500,0.4000
llama,core_3seed,random,0.1500,0.7681,+0.0000,0.4250,0.3500
llama,core_3seed,cap_hit_rank,0.1500,0.7742,+0.0060,0.4250,0.3500
llama,core_3seed,learned_logistic,0.1500,0.7746,+0.0064,0.4250,0.3500
llama,core_3seed,learned_forest,0.1500,0.7746,+0.0064,0.4250,0.3500
llama,core_3seed,random,0.2000,0.7685,+0.0000,0.4000,0.3000
llama,core_3seed,cap_hit_rank,0.2000,0.7742,+0.0056,0.4000,0.3000
llama,core_3seed,learned_logistic,0.2000,0.7746,+0.0061,0.4000,0.3000
llama,core_3seed,learned_forest,0.2000,0.7742,+0.0056,0.4000,0.3000
llama,core_3seed,random,0.2500,0.7689,+0.0000,0.3750,0.2500
llama,core_3seed,cap_hit_rank,0.2500,0.7742,+0.0053,0.3750,0.2500
llama,core_3seed,learned_logistic,0.2500,0.7742,+0.0053,0.3750,0.2500
llama,core_3seed,learned_forest,0.2500,0.7742,+0.0053,0.3750,0.2500
llama,core_3seed,random,0.3000,0.7692,+0.0000,0.3500,0.2000
llama,core_3seed,cap_hit_rank,0.3000,0.7742,+0.0050,0.3500,0.2000
llama,core_3seed,learned_logistic,0.3000,0.7742,+0.0050,0.3500,0.2000
llama,core_3seed,learned_forest,0.3000,0.7742,+0.0050,0.3500,0.2000
llama,core_3seed,random,0.3500,0.7695,+0.0000,0.3250,0.1500
llama,core_3seed,cap_hit_rank,0.3500,0.7742,+0.0046,0.3250,0.1500
llama,core_3seed,learned_logistic,0.3500,0.7742,+0.0046,0.3250,0.1500
llama,core_3seed,learned_forest,0.3500,0.7742,+0.0046,0.3250,0.1500
llama,core_3seed,random,0.4000,0.7699,+0.0000,0.3000,0.1000
llama,core_3seed,cap_hit_rank,0.4000,0.7742,+0.0043,0.3000,0.1000
llama,core_3seed,learned_logistic,0.4000,0.7742,+0.0043,0.3000,0.1000
llama,core_3seed,learned_forest,0.4000,0.7742,+0.0043,0.3000,0.1000
llama,core_3seed,random,0.4500,0.7703,+0.0000,0.2750,0.0500
llama,core_3seed,cap_hit_rank,0.4500,0.7742,+0.0039,0.2750,0.0500
llama,core_3seed,learned_logistic,0.4500,0.7742,+0.0039,0.2750,0.0500
llama,core_3seed,learned_forest,0.4500,0.7742,+0.0039,0.2750,0.0500
llama,core_3seed,random,0.5000,0.7706,+0.0000,0.2500,0.0000
llama,core_3seed,cap_hit_rank,0.5000,0.7742,+0.0036,0.2500,0.0000
llama,core_3seed,learned_logistic,0.5000,0.7742,+0.0036,0.2500,0.0000
llama,core_3seed,learned_forest,0.5000,0.7742,+0.0036,0.2500,0.0000
llama,core_3seed,random,0.5500,0.7710,+0.0000,0.2250,-0.0500
llama,core_3seed,cap_hit_rank,0.5500,0.7742,+0.0032,0.2250,-0.0500
llama,core_3seed,learned_logistic,0.5500,0.7742,+0.0032,0.2250,-0.0500
llama,core_3seed,learned_forest,0.5500,0.7742,+0.0032,0.2250,-0.0500
llama,core_3seed,random,0.6000,0.7713,+0.0000,0.2000,-0.1000
llama,core_3seed,cap_hit_rank,0.6000,0.7742,+0.0029,0.2000,-0.1000
llama,core_3seed,learned_logistic,0.6000,0.7742,+0.0029,0.2000,-0.1000
llama,core_3seed,learned_forest,0.6000,0.7742,+0.0029,0.2000,-0.1000
llama,core_3seed,random,0.6500,0.7717,+0.0000,0.1750,-0.1500
llama,core_3seed,cap_hit_rank,0.6500,0.7742,+0.0025,0.1750,-0.1500
llama,core_3seed,learned_logistic,0.6500,0.7742,+0.0025,0.1750,-0.1500
llama,core_3seed,learned_forest,0.6500,0.7742,+0.0025,0.1750,-0.1500
llama,core_3seed,random,0.7000,0.7720,+0.0000,0.1500,-0.2000
llama,core_3seed,cap_hit_rank,0.7000,0.7742,+0.0021,0.1500,-0.2000
llama,core_3seed,learned_logistic,0.7000,0.7742,+0.0021,0.1500,-0.2000
llama,core_3seed,learned_forest,0.7000,0.7742,+0.0021,0.1500,-0.2000
llama,core_3seed,random,0.7500,0.7724,+0.0000,0.1250,-0.2500
llama,core_3seed,cap_hit_rank,0.7500,0.7742,+0.0018,0.1250,-0.2500
llama,core_3seed,learned_logistic,0.7500,0.7742,+0.0018,0.1250,-0.2500
llama,core_3seed,learned_forest,0.7500,0.7742,+0.0018,0.1250,-0.2500
llama,core_3seed,random,0.8000,0.7727,+0.0000,0.1000,-0.3000
llama,core_3seed,cap_hit_rank,0.8000,0.7742,+0.0015,0.1000,-0.3000
llama,core_3seed,learned_logistic,0.8000,0.7742,+0.0015,0.1000,-0.3000
llama,core_3seed,learned_forest,0.8000,0.7742,+0.0015,0.1000,-0.3000
llama,core_3seed,random,0.8500,0.7731,+0.0000,0.0750,-0.3500
llama,core_3seed,cap_hit_rank,0.8500,0.7742,+0.0010,0.0750,-0.3500
llama,core_3seed,learned_logistic,0.8500,0.7742,+0.0010,0.0750,-0.3500
llama,core_3seed,learned_forest,0.8500,0.7742,+0.0010,0.0750,-0.3500
llama,core_3seed,random,0.9000,0.7735,+0.0000,0.0500,-0.4000
llama,core_3seed,cap_hit_rank,0.9000,0.7742,+0.0007,0.0500,-0.4000
llama,core_3seed,learned_logistic,0.9000,0.7742,+0.0007,0.0500,-0.4000
llama,core_3seed,learned_forest,0.9000,0.7742,+0.0007,0.0500,-0.4000
llama,core_3seed,random,0.9500,0.7738,+0.0000,0.0250,-0.4500
llama,core_3seed,cap_hit_rank,0.9500,0.7742,+0.0004,0.0250,-0.4500
llama,core_3seed,learned_logistic,0.9500,0.7742,+0.0004,0.0250,-0.4500
llama,core_3seed,learned_forest,0.9500,0.7742,+0.0004,0.0250,-0.4500
llama,core_3seed,random,1.0000,0.7742,+0.0000,0.0000,-0.5000
llama,core_3seed,cap_hit_rank,1.0000,0.7742,+0.0000,0.0000,-0.5000
llama,core_3seed,learned_logistic,1.0000,0.7742,+0.0000,0.0000,-0.5000
llama,core_3seed,learned_forest,1.0000,0.7742,+0.0000,0.0000,-0.5000
qwen,full_split,fixed_base,0.0000,0.7935,,0.5000,0.5000
qwen,full_split,fixed_extended,1.0000,0.8519,,0.0000,-0.5000
qwen,full_split,route_every_cap_hit,0.3236,0.8519,,0.3382,0.1764
qwen,full_split,random,0.0000,0.7935,+0.0000,0.5000,0.5000
qwen,full_split,cap_hit_rank,0.0000,0.7935,+0.0000,0.5000,0.5000
qwen,full_split,learned_logistic,0.0000,0.7935,+0.0000,0.5000,0.5000
qwen,full_split,learned_forest,0.0000,0.7935,+0.0000,0.5000,0.5000
qwen,full_split,random,0.0500,0.7964,+0.0000,0.4750,0.4500
qwen,full_split,cap_hit_rank,0.0500,0.8234,+0.0270,0.4750,0.4500
qwen,full_split,learned_logistic,0.0500,0.8237,+0.0273,0.4750,0.4500
qwen,full_split,learned_forest,0.0500,0.8239,+0.0274,0.4750,0.4500
qwen,full_split,random,0.1000,0.7994,+0.0000,0.4500,0.4000
qwen,full_split,cap_hit_rank,0.1000,0.8449,+0.0455,0.4500,0.4000
qwen,full_split,learned_logistic,0.1000,0.8443,+0.0449,0.4500,0.4000
qwen,full_split,learned_forest,0.1000,0.8449,+0.0455,0.4500,0.4000
qwen,full_split,random,0.1500,0.8023,+0.0000,0.4250,0.3500
qwen,full_split,cap_hit_rank,0.1500,0.8495,+0.0472,0.4250,0.3500
qwen,full_split,learned_logistic,0.1500,0.8493,+0.0471,0.4250,0.3500
qwen,full_split,learned_forest,0.1500,0.8492,+0.0469,0.4250,0.3500
qwen,full_split,random,0.2000,0.8052,+0.0000,0.4000,0.3000
qwen,full_split,cap_hit_rank,0.2000,0.8509,+0.0457,0.4000,0.3000
qwen,full_split,learned_logistic,0.2000,0.8508,+0.0456,0.4000,0.3000
qwen,full_split,learned_forest,0.2000,0.8505,+0.0453,0.4000,0.3000
qwen,full_split,random,0.2500,0.8081,+0.0000,0.3750,0.2500
qwen,full_split,cap_hit_rank,0.2500,0.8516,+0.0435,0.3750,0.2500
qwen,full_split,learned_logistic,0.2500,0.8512,+0.0431,0.3750,0.2500
qwen,full_split,learned_forest,0.2500,0.8511,+0.0430,0.3750,0.2500
qwen,full_split,random,0.3000,0.8110,+0.0000,0.3500,0.2000
qwen,full_split,cap_hit_rank,0.3000,0.8516,+0.0405,0.3500,0.2000
qwen,full_split,learned_logistic,0.3000,0.8517,+0.0407,0.3500,0.2000
qwen,full_split,learned_forest,0.3000,0.8516,+0.0405,0.3500,0.2000
qwen,full_split,random,0.3500,0.8139,+0.0000,0.3250,0.1500
qwen,full_split,cap_hit_rank,0.3500,0.8519,+0.0380,0.3250,0.1500
qwen,full_split,learned_logistic,0.3500,0.8519,+0.0380,0.3250,0.1500
qwen,full_split,learned_forest,0.3500,0.8519,+0.0380,0.3250,0.1500
qwen,full_split,random,0.4000,0.8168,+0.0000,0.3000,0.1000
qwen,full_split,cap_hit_rank,0.4000,0.8519,+0.0350,0.3000,0.1000
qwen,full_split,learned_logistic,0.4000,0.8519,+0.0350,0.3000,0.1000
qwen,full_split,learned_forest,0.4000,0.8519,+0.0350,0.3000,0.1000
qwen,full_split,random,0.4500,0.8199,+0.0000,0.2750,0.0500
qwen,full_split,cap_hit_rank,0.4500,0.8519,+0.0320,0.2750,0.0500
qwen,full_split,learned_logistic,0.4500,0.8519,+0.0320,0.2750,0.0500
qwen,full_split,learned_forest,0.4500,0.8519,+0.0320,0.2750,0.0500
qwen,full_split,random,0.5000,0.8227,+0.0000,0.2500,0.0000
qwen,full_split,cap_hit_rank,0.5000,0.8519,+0.0292,0.2500,0.0000
qwen,full_split,learned_logistic,0.5000,0.8519,+0.0292,0.2500,0.0000
qwen,full_split,learned_forest,0.5000,0.8519,+0.0292,0.2500,0.0000
qwen,full_split,random,0.5500,0.8256,+0.0000,0.2250,-0.0500
qwen,full_split,cap_hit_rank,0.5500,0.8519,+0.0262,0.2250,-0.0500
qwen,full_split,learned_logistic,0.5500,0.8519,+0.0262,0.2250,-0.0500
qwen,full_split,learned_forest,0.5500,0.8519,+0.0262,0.2250,-0.0500
qwen,full_split,random,0.6000,0.8285,+0.0000,0.2000,-0.1000
qwen,full_split,cap_hit_rank,0.6000,0.8519,+0.0233,0.2000,-0.1000
qwen,full_split,learned_logistic,0.6000,0.8519,+0.0233,0.2000,-0.1000
qwen,full_split,learned_forest,0.6000,0.8519,+0.0233,0.2000,-0.1000
qwen,full_split,random,0.6500,0.8314,+0.0000,0.1750,-0.1500
qwen,full_split,cap_hit_rank,0.6500,0.8519,+0.0204,0.1750,-0.1500
qwen,full_split,learned_logistic,0.6500,0.8519,+0.0204,0.1750,-0.1500
qwen,full_split,learned_forest,0.6500,0.8519,+0.0204,0.1750,-0.1500
qwen,full_split,random,0.7000,0.8344,+0.0000,0.1500,-0.2000
qwen,full_split,cap_hit_rank,0.7000,0.8519,+0.0175,0.1500,-0.2000
qwen,full_split,learned_logistic,0.7000,0.8519,+0.0175,0.1500,-0.2000
qwen,full_split,learned_forest,0.7000,0.8519,+0.0175,0.1500,-0.2000
qwen,full_split,random,0.7500,0.8373,+0.0000,0.1250,-0.2500
qwen,full_split,cap_hit_rank,0.7500,0.8519,+0.0146,0.1250,-0.2500
qwen,full_split,learned_logistic,0.7500,0.8519,+0.0146,0.1250,-0.2500
qwen,full_split,learned_forest,0.7500,0.8519,+0.0146,0.1250,-0.2500
qwen,full_split,random,0.8000,0.8402,+0.0000,0.1000,-0.3000
qwen,full_split,cap_hit_rank,0.8000,0.8519,+0.0117,0.1000,-0.3000
qwen,full_split,learned_logistic,0.8000,0.8519,+0.0117,0.1000,-0.3000
qwen,full_split,learned_forest,0.8000,0.8519,+0.0117,0.1000,-0.3000
qwen,full_split,random,0.8500,0.8431,+0.0000,0.0750,-0.3500
qwen,full_split,cap_hit_rank,0.8500,0.8519,+0.0088,0.0750,-0.3500
qwen,full_split,learned_logistic,0.8500,0.8519,+0.0088,0.0750,-0.3500
qwen,full_split,learned_forest,0.8500,0.8519,+0.0088,0.0750,-0.3500
qwen,full_split,random,0.9000,0.8461,+0.0000,0.0500,-0.4000
qwen,full_split,cap_hit_rank,0.9000,0.8519,+0.0058,0.0500,-0.4000
qwen,full_split,learned_logistic,0.9000,0.8519,+0.0058,0.0500,-0.4000
qwen,full_split,learned_forest,0.9000,0.8519,+0.0058,0.0500,-0.4000
qwen,full_split,random,0.9500,0.8489,+0.0000,0.0250,-0.4500
qwen,full_split,cap_hit_rank,0.9500,0.8519,+0.0029,0.0250,-0.4500
qwen,full_split,learned_logistic,0.9500,0.8519,+0.0029,0.0250,-0.4500
qwen,full_split,learned_forest,0.9500,0.8519,+0.0029,0.0250,-0.4500
qwen,full_split,random,1.0000,0.8519,+0.0000,0.0000,-0.5000
qwen,full_split,cap_hit_rank,1.0000,0.8519,+0.0000,0.0000,-0.5000
qwen,full_split,learned_logistic,1.0000,0.8519,+0.0000,0.0000,-0.5000
qwen,full_split,learned_forest,1.0000,0.8519,+0.0000,0.0000,-0.5000
llama,full_split,fixed_base,0.0000,0.6200,,0.5000,0.5000
llama,full_split,fixed_extended,1.0000,0.6291,,0.0000,-0.5000
llama,full_split,route_every_cap_hit,0.3508,0.6291,,0.3246,0.1492
llama,full_split,random,0.0000,0.6200,+0.0000,0.5000,0.5000
llama,full_split,cap_hit_rank,0.0000,0.6200,+0.0000,0.5000,0.5000
llama,full_split,learned_logistic,0.0000,0.6200,+0.0000,0.5000,0.5000
llama,full_split,learned_forest,0.0000,0.6200,+0.0000,0.5000,0.5000
llama,full_split,random,0.0500,0.6205,+0.0000,0.4750,0.4500
llama,full_split,cap_hit_rank,0.0500,0.6241,+0.0037,0.4750,0.4500
llama,full_split,learned_logistic,0.0500,0.6229,+0.0024,0.4750,0.4500
llama,full_split,learned_forest,0.0500,0.6232,+0.0027,0.4750,0.4500
llama,full_split,random,0.1000,0.6210,+0.0000,0.4500,0.4000
llama,full_split,cap_hit_rank,0.1000,0.6248,+0.0038,0.4500,0.4000
llama,full_split,learned_logistic,0.1000,0.6241,+0.0032,0.4500,0.4000
llama,full_split,learned_forest,0.1000,0.6257,+0.0048,0.4500,0.4000
llama,full_split,random,0.1500,0.6214,+0.0000,0.4250,0.3500
llama,full_split,cap_hit_rank,0.1500,0.6264,+0.0050,0.4250,0.3500
llama,full_split,learned_logistic,0.1500,0.6256,+0.0042,0.4250,0.3500
llama,full_split,learned_forest,0.1500,0.6275,+0.0061,0.4250,0.3500
llama,full_split,random,0.2000,0.6218,+0.0000,0.4000,0.3000
llama,full_split,cap_hit_rank,0.2000,0.6275,+0.0056,0.4000,0.3000
llama,full_split,learned_logistic,0.2000,0.6270,+0.0052,0.4000,0.3000
llama,full_split,learned_forest,0.2000,0.6278,+0.0060,0.4000,0.3000
llama,full_split,random,0.2500,0.6223,+0.0000,0.3750,0.2500
llama,full_split,cap_hit_rank,0.2500,0.6286,+0.0063,0.3750,0.2500
llama,full_split,learned_logistic,0.2500,0.6289,+0.0066,0.3750,0.2500
llama,full_split,learned_forest,0.2500,0.6295,+0.0073,0.3750,0.2500
llama,full_split,random,0.3000,0.6227,+0.0000,0.3500,0.2000
llama,full_split,cap_hit_rank,0.3000,0.6291,+0.0063,0.3500,0.2000
llama,full_split,learned_logistic,0.3000,0.6289,+0.0062,0.3500,0.2000
llama,full_split,learned_forest,0.3000,0.6292,+0.0065,0.3500,0.2000
llama,full_split,random,0.3500,0.6231,+0.0000,0.3250,0.1500
llama,full_split,cap_hit_rank,0.3500,0.6291,+0.0059,0.3250,0.1500
llama,full_split,learned_logistic,0.3500,0.6291,+0.0059,0.3250,0.1500
llama,full_split,learned_forest,0.3500,0.6287,+0.0056,0.3250,0.1500
llama,full_split,random,0.4000,0.6236,+0.0000,0.3000,0.1000
llama,full_split,cap_hit_rank,0.4000,0.6291,+0.0055,0.3000,0.1000
llama,full_split,learned_logistic,0.4000,0.6291,+0.0055,0.3000,0.1000
llama,full_split,learned_forest,0.4000,0.6291,+0.0055,0.3000,0.1000
llama,full_split,random,0.4500,0.6241,+0.0000,0.2750,0.0500
llama,full_split,cap_hit_rank,0.4500,0.6291,+0.0050,0.2750,0.0500
llama,full_split,learned_logistic,0.4500,0.6291,+0.0050,0.2750,0.0500
llama,full_split,learned_forest,0.4500,0.6291,+0.0050,0.2750,0.0500
llama,full_split,random,0.5000,0.6245,+0.0000,0.2500,0.0000
llama,full_split,cap_hit_rank,0.5000,0.6291,+0.0045,0.2500,0.0000
llama,full_split,learned_logistic,0.5000,0.6291,+0.0045,0.2500,0.0000
llama,full_split,learned_forest,0.5000,0.6291,+0.0045,0.2500,0.0000
llama,full_split,random,0.5500,0.6251,+0.0000,0.2250,-0.0500
llama,full_split,cap_hit_rank,0.5500,0.6291,+0.0040,0.2250,-0.0500
llama,full_split,learned_logistic,0.5500,0.6291,+0.0040,0.2250,-0.0500
llama,full_split,learned_forest,0.5500,0.6291,+0.0040,0.2250,-0.0500
llama,full_split,random,0.6000,0.6255,+0.0000,0.2000,-0.1000
llama,full_split,cap_hit_rank,0.6000,0.6291,+0.0036,0.2000,-0.1000
llama,full_split,learned_logistic,0.6000,0.6291,+0.0036,0.2000,-0.1000
llama,full_split,learned_forest,0.6000,0.6291,+0.0036,0.2000,-0.1000
llama,full_split,random,0.6500,0.6259,+0.0000,0.1750,-0.1500
llama,full_split,cap_hit_rank,0.6500,0.6291,+0.0032,0.1750,-0.1500
llama,full_split,learned_logistic,0.6500,0.6291,+0.0032,0.1750,-0.1500
llama,full_split,learned_forest,0.6500,0.6291,+0.0032,0.1750,-0.1500
llama,full_split,random,0.7000,0.6264,+0.0000,0.1500,-0.2000
llama,full_split,cap_hit_rank,0.7000,0.6291,+0.0027,0.1500,-0.2000
llama,full_split,learned_logistic,0.7000,0.6291,+0.0027,0.1500,-0.2000
llama,full_split,learned_forest,0.7000,0.6291,+0.0027,0.1500,-0.2000
llama,full_split,random,0.7500,0.6268,+0.0000,0.1250,-0.2500
llama,full_split,cap_hit_rank,0.7500,0.6291,+0.0023,0.1250,-0.2500
llama,full_split,learned_logistic,0.7500,0.6291,+0.0023,0.1250,-0.2500
llama,full_split,learned_forest,0.7500,0.6291,+0.0023,0.1250,-0.2500
llama,full_split,random,0.8000,0.6272,+0.0000,0.1000,-0.3000
llama,full_split,cap_hit_rank,0.8000,0.6291,+0.0018,0.1000,-0.3000
llama,full_split,learned_logistic,0.8000,0.6291,+0.0018,0.1000,-0.3000
llama,full_split,learned_forest,0.8000,0.6291,+0.0018,0.1000,-0.3000
llama,full_split,random,0.8500,0.6277,+0.0000,0.0750,-0.3500
llama,full_split,cap_hit_rank,0.8500,0.6291,+0.0014,0.0750,-0.3500
llama,full_split,learned_logistic,0.8500,0.6291,+0.0014,0.0750,-0.3500
llama,full_split,learned_forest,0.8500,0.6291,+0.0014,0.0750,-0.3500
llama,full_split,random,0.9000,0.6281,+0.0000,0.0500,-0.4000
llama,full_split,cap_hit_rank,0.9000,0.6291,+0.0009,0.0500,-0.4000
llama,full_split,learned_logistic,0.9000,0.6291,+0.0009,0.0500,-0.4000
llama,full_split,learned_forest,0.9000,0.6291,+0.0009,0.0500,-0.4000
llama,full_split,random,0.9500,0.6286,+0.0000,0.0250,-0.4500
llama,full_split,cap_hit_rank,0.9500,0.6291,+0.0005,0.0250,-0.4500
llama,full_split,learned_logistic,0.9500,0.6291,+0.0005,0.0250,-0.4500
llama,full_split,learned_forest,0.9500,0.6291,+0.0005,0.0250,-0.4500
llama,full_split,random,1.0000,0.6291,+0.0000,0.0000,-0.5000
llama,full_split,cap_hit_rank,1.0000,0.6291,+0.0000,0.0000,-0.5000
llama,full_split,learned_logistic,1.0000,0.6291,+0.0000,0.0000,-0.5000
llama,full_split,learned_forest,1.0000,0.6291,+0.0000,0.0000,-0.5000
r1,r1_core_3seed,fixed_base,0.0000,0.7783,,0.5000,0.5000
r1,r1_core_3seed,fixed_extended,1.0000,0.8762,,0.0000,-0.5000
r1,r1_core_3seed,route_every_cap_hit,0.5900,0.8762,,0.2050,-0.0900
r1,r1_core_3seed,random,0.0000,0.7783,+0.0000,0.5000,0.5000
r1,r1_core_3seed,cap_hit_rank,0.0000,0.7783,+0.0000,0.5000,0.5000
r1,r1_core_3seed,learned_logistic,0.0000,0.7783,+0.0000,0.5000,0.5000
r1,r1_core_3seed,learned_forest,0.0000,0.7783,+0.0000,0.5000,0.5000
r1,r1_core_3seed,random,0.0500,0.7833,+0.0000,0.4750,0.4500
r1,r1_core_3seed,cap_hit_rank,0.0500,0.7996,+0.0163,0.4750,0.4500
r1,r1_core_3seed,learned_logistic,0.0500,0.8075,+0.0242,0.4750,0.4500
r1,r1_core_3seed,learned_forest,0.0500,0.8142,+0.0309,0.4750,0.4500
r1,r1_core_3seed,random,0.1000,0.7882,+0.0000,0.4500,0.4000
r1,r1_core_3seed,cap_hit_rank,0.1000,0.8196,+0.0314,0.4500,0.4000
r1,r1_core_3seed,learned_logistic,0.1000,0.8354,+0.0473,0.4500,0.4000
r1,r1_core_3seed,learned_forest,0.1000,0.8400,+0.0518,0.4500,0.4000
r1,r1_core_3seed,random,0.1500,0.7930,+0.0000,0.4250,0.3500
r1,r1_core_3seed,cap_hit_rank,0.1500,0.8396,+0.0466,0.4250,0.3500
r1,r1_core_3seed,learned_logistic,0.1500,0.8596,+0.0666,0.4250,0.3500
r1,r1_core_3seed,learned_forest,0.1500,0.8579,+0.0649,0.4250,0.3500
r1,r1_core_3seed,random,0.2000,0.7980,+0.0000,0.4000,0.3000
r1,r1_core_3seed,cap_hit_rank,0.2000,0.8621,+0.0640,0.4000,0.3000
r1,r1_core_3seed,learned_logistic,0.2000,0.8725,+0.0745,0.4000,0.3000
r1,r1_core_3seed,learned_forest,0.2000,0.8746,+0.0765,0.4000,0.3000
r1,r1_core_3seed,random,0.2500,0.8028,+0.0000,0.3750,0.2500
r1,r1_core_3seed,cap_hit_rank,0.2500,0.8712,+0.0685,0.3750,0.2500
r1,r1_core_3seed,learned_logistic,0.2500,0.8746,+0.0718,0.3750,0.2500
r1,r1_core_3seed,learned_forest,0.2500,0.8754,+0.0726,0.3750,0.2500
r1,r1_core_3seed,random,0.3000,0.8076,+0.0000,0.3500,0.2000
r1,r1_core_3seed,cap_hit_rank,0.3000,0.8754,+0.0678,0.3500,0.2000
r1,r1_core_3seed,learned_logistic,0.3000,0.8758,+0.0682,0.3500,0.2000
r1,r1_core_3seed,learned_forest,0.3000,0.8754,+0.0678,0.3500,0.2000
r1,r1_core_3seed,random,0.3500,0.8124,+0.0000,0.3250,0.1500
r1,r1_core_3seed,cap_hit_rank,0.3500,0.8758,+0.0634,0.3250,0.1500
r1,r1_core_3seed,learned_logistic,0.3500,0.8758,+0.0634,0.3250,0.1500
r1,r1_core_3seed,learned_forest,0.3500,0.8758,+0.0634,0.3250,0.1500
r1,r1_core_3seed,random,0.4000,0.8174,+0.0000,0.3000,0.1000
r1,r1_core_3seed,cap_hit_rank,0.4000,0.8758,+0.0584,0.3000,0.1000
r1,r1_core_3seed,learned_logistic,0.4000,0.8758,+0.0584,0.3000,0.1000
r1,r1_core_3seed,learned_forest,0.4000,0.8758,+0.0584,0.3000,0.1000
r1,r1_core_3seed,random,0.4500,0.8222,+0.0000,0.2750,0.0500
r1,r1_core_3seed,cap_hit_rank,0.4500,0.8758,+0.0537,0.2750,0.0500
r1,r1_core_3seed,learned_logistic,0.4500,0.8762,+0.0541,0.2750,0.0500
r1,r1_core_3seed,learned_forest,0.4500,0.8762,+0.0541,0.2750,0.0500
r1,r1_core_3seed,random,0.5000,0.8271,+0.0000,0.2500,0.0000
r1,r1_core_3seed,cap_hit_rank,0.5000,0.8762,+0.0491,0.2500,0.0000
r1,r1_core_3seed,learned_logistic,0.5000,0.8762,+0.0491,0.2500,0.0000
r1,r1_core_3seed,learned_forest,0.5000,0.8762,+0.0491,0.2500,0.0000
r1,r1_core_3seed,random,0.5500,0.8323,+0.0000,0.2250,-0.0500
r1,r1_core_3seed,cap_hit_rank,0.5500,0.8762,+0.0440,0.2250,-0.0500
r1,r1_core_3seed,learned_logistic,0.5500,0.8762,+0.0440,0.2250,-0.0500
r1,r1_core_3seed,learned_forest,0.5500,0.8762,+0.0440,0.2250,-0.0500
r1,r1_core_3seed,random,0.6000,0.8371,+0.0000,0.2000,-0.1000
r1,r1_core_3seed,cap_hit_rank,0.6000,0.8762,+0.0391,0.2000,-0.1000
r1,r1_core_3seed,learned_logistic,0.6000,0.8762,+0.0391,0.2000,-0.1000
r1,r1_core_3seed,learned_forest,0.6000,0.8762,+0.0391,0.2000,-0.1000
r1,r1_core_3seed,random,0.6500,0.8419,+0.0000,0.1750,-0.1500
r1,r1_core_3seed,cap_hit_rank,0.6500,0.8762,+0.0344,0.1750,-0.1500
r1,r1_core_3seed,learned_logistic,0.6500,0.8762,+0.0344,0.1750,-0.1500
r1,r1_core_3seed,learned_forest,0.6500,0.8762,+0.0344,0.1750,-0.1500
r1,r1_core_3seed,random,0.7000,0.8467,+0.0000,0.1500,-0.2000
r1,r1_core_3seed,cap_hit_rank,0.7000,0.8762,+0.0295,0.1500,-0.2000
r1,r1_core_3seed,learned_logistic,0.7000,0.8762,+0.0295,0.1500,-0.2000
r1,r1_core_3seed,learned_forest,0.7000,0.8762,+0.0295,0.1500,-0.2000
r1,r1_core_3seed,random,0.7500,0.8518,+0.0000,0.1250,-0.2500
r1,r1_core_3seed,cap_hit_rank,0.7500,0.8762,+0.0244,0.1250,-0.2500
r1,r1_core_3seed,learned_logistic,0.7500,0.8762,+0.0244,0.1250,-0.2500
r1,r1_core_3seed,learned_forest,0.7500,0.8762,+0.0244,0.1250,-0.2500
r1,r1_core_3seed,random,0.8000,0.8568,+0.0000,0.1000,-0.3000
r1,r1_core_3seed,cap_hit_rank,0.8000,0.8762,+0.0194,0.1000,-0.3000
r1,r1_core_3seed,learned_logistic,0.8000,0.8762,+0.0194,0.1000,-0.3000
r1,r1_core_3seed,learned_forest,0.8000,0.8762,+0.0194,0.1000,-0.3000
r1,r1_core_3seed,random,0.8500,0.8615,+0.0000,0.0750,-0.3500
r1,r1_core_3seed,cap_hit_rank,0.8500,0.8762,+0.0148,0.0750,-0.3500
r1,r1_core_3seed,learned_logistic,0.8500,0.8762,+0.0148,0.0750,-0.3500
r1,r1_core_3seed,learned_forest,0.8500,0.8762,+0.0148,0.0750,-0.3500
r1,r1_core_3seed,random,0.9000,0.8664,+0.0000,0.0500,-0.4000
r1,r1_core_3seed,cap_hit_rank,0.9000,0.8762,+0.0098,0.0500,-0.4000
r1,r1_core_3seed,learned_logistic,0.9000,0.8762,+0.0098,0.0500,-0.4000
r1,r1_core_3seed,learned_forest,0.9000,0.8762,+0.0098,0.0500,-0.4000
r1,r1_core_3seed,random,0.9500,0.8714,+0.0000,0.0250,-0.4500
r1,r1_core_3seed,cap_hit_rank,0.9500,0.8762,+0.0049,0.0250,-0.4500
r1,r1_core_3seed,learned_logistic,0.9500,0.8762,+0.0049,0.0250,-0.4500
r1,r1_core_3seed,learned_forest,0.9500,0.8762,+0.0049,0.0250,-0.4500
r1,r1_core_3seed,random,1.0000,0.8762,+0.0000,0.0000,-0.5000
r1,r1_core_3seed,cap_hit_rank,1.0000,0.8762,+0.0000,0.0000,-0.5000
r1,r1_core_3seed,learned_logistic,1.0000,0.8762,+0.0000,0.0000,-0.5000
r1,r1_core_3seed,learned_forest,1.0000,0.8762,+0.0000,0.0000,-0.5000
