definition,dataset,n_problems,n_eligible,eligible_rate,repair_plurality_count,repair_plurality_rate,repair_any_rate,repair_tie_lower_rate,repair_tie_upper_rate
strict_all_wrong,all,800,18,0.0225,0,0.0,0.0,0.0,0.0
plurality_wrong,all,800,23,0.02875,0,0.0,0.0,0.0,0.043478260869565216
first_chain_wrong,all,800,43,0.05375,9,0.20930232558139536,0.4186046511627907,0.20930232558139536,0.20930232558139536
strict_all_wrong,gsm8k,400,6,0.015,0,0.0,0.0,0.0,0.0
plurality_wrong,gsm8k,400,9,0.0225,0,0.0,0.0,0.0,0.1111111111111111
first_chain_wrong,gsm8k,400,12,0.03,2,0.16666666666666666,0.3333333333333333,0.16666666666666666,0.16666666666666666
strict_all_wrong,math,400,12,0.03,0,0.0,0.0,0.0,0.0
plurality_wrong,math,400,14,0.035,0,0.0,0.0,0.0,0.0
first_chain_wrong,math,400,31,0.0775,7,0.22580645161290322,0.45161290322580644,0.22580645161290322,0.22580645161290322
