model,dataset,definition,outcome,scope,n_seeds,n_problems,numerator_count,denominator_count,estimate,binomial_wilson95_lower,binomial_wilson95_upper,cluster_ci95_lower,cluster_ci95_upper,contrast
r1,all,strict_all_wrong,samecap_repair_plurality,all_seeds,3,800,0.0,24.0,0.0,0.0,0.13797620467498012,0.0,0.0,
r1,all,strict_all_wrong,samecap_repair_plurality,leave_out:42,2,800,0.0,16.0,0.0,0.0,0.19360768053443644,0.0,0.0,
r1,all,strict_all_wrong,samecap_repair_plurality,leave_out:314159,2,800,0.0,17.0,0.0,1.3877787807814457e-17,0.18431813500885175,0.0,0.0,
r1,all,strict_all_wrong,samecap_repair_plurality,leave_out:271828,2,800,0.0,15.0,0.0,0.0,0.20388330103584854,0.0,0.0,
r1,all,strict_all_wrong,long_repair_plurality,all_seeds,3,800,0.0,24.0,0.0,0.0,0.13797620467498012,0.0,0.0,
r1,all,strict_all_wrong,long_repair_plurality,leave_out:42,2,800,0.0,16.0,0.0,0.0,0.19360768053443644,0.0,0.0,
r1,all,strict_all_wrong,long_repair_plurality,leave_out:314159,2,800,0.0,17.0,0.0,1.3877787807814457e-17,0.18431813500885175,0.0,0.0,
r1,all,strict_all_wrong,long_repair_plurality,leave_out:271828,2,800,0.0,15.0,0.0,0.0,0.20388330103584854,0.0,0.0,
r1,all,strict_all_wrong,samecap_repair_any,all_seeds,3,800,2.0,24.0,0.08333333333333333,0.02315881529704336,0.25848802193210674,0.0,0.2857142857142857,
r1,all,strict_all_wrong,samecap_repair_any,leave_out:42,2,800,1.0,16.0,0.0625,0.011119344764642547,0.28328737570298934,0.0,0.23529411764705882,
r1,all,strict_all_wrong,samecap_repair_any,leave_out:314159,2,800,2.0,17.0,0.11764705882352941,0.0328797737637927,0.3433635059488586,0.0,0.375,
r1,all,strict_all_wrong,samecap_repair_any,leave_out:271828,2,800,1.0,15.0,0.06666666666666667,0.011866895493268581,0.2981652987378002,0.0,0.25,
r1,all,strict_all_wrong,long_repair_any,all_seeds,3,800,2.0,24.0,0.08333333333333333,0.02315881529704336,0.25848802193210674,0.0,0.2857142857142857,
r1,all,strict_all_wrong,long_repair_any,leave_out:42,2,800,1.0,16.0,0.0625,0.011119344764642547,0.28328737570298934,0.0,0.23529411764705882,
r1,all,strict_all_wrong,long_repair_any,leave_out:314159,2,800,2.0,17.0,0.11764705882352941,0.0328797737637927,0.3433635059488586,0.0,0.375,
r1,all,strict_all_wrong,long_repair_any,leave_out:271828,2,800,1.0,15.0,0.06666666666666667,0.011866895493268581,0.2981652987378002,0.0,0.25,
r1,all,strict_all_wrong,incremental_plurality_helpful,all_seeds,3,800,0.0,24.0,0.0,0.0,0.13797620467498012,0.0,0.0,
r1,all,strict_all_wrong,incremental_plurality_helpful,leave_out:42,2,800,0.0,16.0,0.0,0.0,0.19360768053443644,0.0,0.0,
r1,all,strict_all_wrong,incremental_plurality_helpful,leave_out:314159,2,800,0.0,17.0,0.0,1.3877787807814457e-17,0.18431813500885175,0.0,0.0,
r1,all,strict_all_wrong,incremental_plurality_helpful,leave_out:271828,2,800,0.0,15.0,0.0,0.0,0.20388330103584854,0.0,0.0,
r1,all,strict_all_wrong,incremental_plurality_harmful,all_seeds,3,800,0.0,24.0,0.0,0.0,0.13797620467498012,0.0,0.0,
r1,all,strict_all_wrong,incremental_plurality_harmful,leave_out:42,2,800,0.0,16.0,0.0,0.0,0.19360768053443644,0.0,0.0,
r1,all,strict_all_wrong,incremental_plurality_harmful,leave_out:314159,2,800,0.0,17.0,0.0,1.3877787807814457e-17,0.18431813500885175,0.0,0.0,
r1,all,strict_all_wrong,incremental_plurality_harmful,leave_out:271828,2,800,0.0,15.0,0.0,0.0,0.20388330103584854,0.0,0.0,
r1,all,strict_all_wrong,incremental_net,all_seeds,3,800,0.0,24.0,0.0,,,0.0,0.0,
r1,all,strict_all_wrong,incremental_net,leave_out:42,2,800,0.0,16.0,0.0,,,0.0,0.0,
r1,all,strict_all_wrong,incremental_net,leave_out:314159,2,800,0.0,17.0,0.0,,,0.0,0.0,
r1,all,strict_all_wrong,incremental_net,leave_out:271828,2,800,0.0,15.0,0.0,,,0.0,0.0,
r1,all,plurality_wrong,samecap_repair_plurality,all_seeds,3,800,1.0,26.0,0.038461538461538464,0.006821984993543487,0.18892778903034751,0.0,0.15384615384615385,
r1,all,plurality_wrong,samecap_repair_plurality,leave_out:42,2,800,1.0,18.0,0.05555555555555555,0.00987519097830307,0.25757300781872583,0.0,0.21428571428571427,
r1,all,plurality_wrong,samecap_repair_plurality,leave_out:314159,2,800,0.0,17.0,0.0,1.3877787807814457e-17,0.18431813500885175,0.0,0.0,
r1,all,plurality_wrong,samecap_repair_plurality,leave_out:271828,2,800,1.0,17.0,0.058823529411764705,0.010460400984997592,0.26982030637575394,0.0,0.2222222222222222,
r1,all,plurality_wrong,long_repair_plurality,all_seeds,3,800,1.0,26.0,0.038461538461538464,0.006821984993543487,0.18892778903034751,0.0,0.15384615384615385,
r1,all,plurality_wrong,long_repair_plurality,leave_out:42,2,800,1.0,18.0,0.05555555555555555,0.00987519097830307,0.25757300781872583,0.0,0.21428571428571427,
r1,all,plurality_wrong,long_repair_plurality,leave_out:314159,2,800,0.0,17.0,0.0,1.3877787807814457e-17,0.18431813500885175,0.0,0.0,
r1,all,plurality_wrong,long_repair_plurality,leave_out:271828,2,800,1.0,17.0,0.058823529411764705,0.010460400984997592,0.26982030637575394,0.0,0.2222222222222222,
r1,all,plurality_wrong,samecap_repair_any,all_seeds,3,800,2.0,26.0,0.07692307692307693,0.021355088472276226,0.24141553771629054,0.0,0.25,
r1,all,plurality_wrong,samecap_repair_any,leave_out:42,2,800,1.0,18.0,0.05555555555555555,0.00987519097830307,0.25757300781872583,0.0,0.18181818181818182,
r1,all,plurality_wrong,samecap_repair_any,leave_out:314159,2,800,2.0,17.0,0.11764705882352941,0.0328797737637927,0.3433635059488586,0.0,0.375,
r1,all,plurality_wrong,samecap_repair_any,leave_out:271828,2,800,1.0,17.0,0.058823529411764705,0.010460400984997592,0.26982030637575394,0.0,0.2,
r1,all,plurality_wrong,long_repair_any,all_seeds,3,800,2.0,26.0,0.07692307692307693,0.021355088472276226,0.24141553771629054,0.0,0.25,
r1,all,plurality_wrong,long_repair_any,leave_out:42,2,800,1.0,18.0,0.05555555555555555,0.00987519097830307,0.25757300781872583,0.0,0.18181818181818182,
r1,all,plurality_wrong,long_repair_any,leave_out:314159,2,800,2.0,17.0,0.11764705882352941,0.0328797737637927,0.3433635059488586,0.0,0.375,
r1,all,plurality_wrong,long_repair_any,leave_out:271828,2,800,1.0,17.0,0.058823529411764705,0.010460400984997592,0.26982030637575394,0.0,0.2,
r1,all,plurality_wrong,incremental_plurality_helpful,all_seeds,3,800,0.0,26.0,0.0,0.0,0.12872892185921525,0.0,0.0,
r1,all,plurality_wrong,incremental_plurality_helpful,leave_out:42,2,800,0.0,18.0,0.0,0.0,0.17587922364665756,0.0,0.0,
r1,all,plurality_wrong,incremental_plurality_helpful,leave_out:314159,2,800,0.0,17.0,0.0,1.3877787807814457e-17,0.18431813500885175,0.0,0.0,
r1,all,plurality_wrong,incremental_plurality_helpful,leave_out:271828,2,800,0.0,17.0,0.0,1.3877787807814457e-17,0.18431813500885175,0.0,0.0,
r1,all,plurality_wrong,incremental_plurality_harmful,all_seeds,3,800,0.0,26.0,0.0,0.0,0.12872892185921525,0.0,0.0,
r1,all,plurality_wrong,incremental_plurality_harmful,leave_out:42,2,800,0.0,18.0,0.0,0.0,0.17587922364665756,0.0,0.0,
r1,all,plurality_wrong,incremental_plurality_harmful,leave_out:314159,2,800,0.0,17.0,0.0,1.3877787807814457e-17,0.18431813500885175,0.0,0.0,
r1,all,plurality_wrong,incremental_plurality_harmful,leave_out:271828,2,800,0.0,17.0,0.0,1.3877787807814457e-17,0.18431813500885175,0.0,0.0,
r1,all,plurality_wrong,incremental_net,all_seeds,3,800,0.0,26.0,0.0,,,0.0,0.0,
r1,all,plurality_wrong,incremental_net,leave_out:42,2,800,0.0,18.0,0.0,,,0.0,0.0,
r1,all,plurality_wrong,incremental_net,leave_out:314159,2,800,0.0,17.0,0.0,,,0.0,0.0,
r1,all,plurality_wrong,incremental_net,leave_out:271828,2,800,0.0,17.0,0.0,,,0.0,0.0,
r1,all,first_chain_wrong,samecap_repair_plurality,all_seeds,3,800,10.0,67.0,0.14925373134328357,0.08314273433779826,0.2534039604590851,0.06153846153846154,0.2708333333333333,
r1,all,first_chain_wrong,samecap_repair_plurality,leave_out:42,2,800,6.0,45.0,0.13333333333333333,0.06257148747568078,0.2617730182617707,0.0425531914893617,0.2553191489361702,
r1,all,first_chain_wrong,samecap_repair_plurality,leave_out:314159,2,800,6.0,45.0,0.13333333333333333,0.06257148747568078,0.2617730182617707,0.04081632653061224,0.2558139534883721,
r1,all,first_chain_wrong,samecap_repair_plurality,leave_out:271828,2,800,8.0,44.0,0.18181818181818182,0.09512805715627728,0.3196055088718467,0.061224489795918366,0.3409090909090909,
r1,all,first_chain_wrong,long_repair_plurality,all_seeds,3,800,9.0,67.0,0.13432835820895522,0.0723109166429549,0.23600372261337027,0.057692307692307696,0.2413793103448276,
r1,all,first_chain_wrong,long_repair_plurality,leave_out:42,2,800,6.0,45.0,0.13333333333333333,0.06257148747568078,0.2617730182617707,0.0425531914893617,0.2553191489361702,
r1,all,first_chain_wrong,long_repair_plurality,leave_out:314159,2,800,5.0,45.0,0.1111111111111111,0.048404717945671874,0.23499096995768576,0.025,0.22448979591836735,
r1,all,first_chain_wrong,long_repair_plurality,leave_out:271828,2,800,7.0,44.0,0.1590909090909091,0.07926677012201253,0.29366205062240613,0.057692307692307696,0.29169207317073137,
r1,all,first_chain_wrong,samecap_repair_any,all_seeds,3,800,16.0,67.0,0.23880597014925373,0.1526813904849293,0.353257637555303,0.12698412698412698,0.3829875886524821,
r1,all,first_chain_wrong,samecap_repair_any,leave_out:42,2,800,10.0,45.0,0.2222222222222222,0.12544685532626398,0.36269292174756285,0.1,0.3726102941176462,
r1,all,first_chain_wrong,samecap_repair_any,leave_out:314159,2,800,11.0,45.0,0.24444444444444444,0.14235479433771722,0.38673380057020346,0.11428571428571428,0.40816326530612246,
r1,all,first_chain_wrong,samecap_repair_any,leave_out:271828,2,800,11.0,44.0,0.25,0.14574213828964885,0.3944056635895914,0.11904761904761904,0.41304347826086957,
r1,all,first_chain_wrong,long_repair_any,all_seeds,3,800,16.0,67.0,0.23880597014925373,0.1526813904849293,0.353257637555303,0.13157894736842105,0.37736897274633113,
r1,all,first_chain_wrong,long_repair_any,leave_out:42,2,800,11.0,45.0,0.24444444444444444,0.14235479433771722,0.38673380057020346,0.11764705882352941,0.40540540540540543,
r1,all,first_chain_wrong,long_repair_any,leave_out:314159,2,800,11.0,45.0,0.24444444444444444,0.14235479433771722,0.38673380057020346,0.11363636363636363,0.40625,
r1,all,first_chain_wrong,long_repair_any,leave_out:271828,2,800,10.0,44.0,0.22727272727272727,0.12841947594917152,0.3699235806463633,0.1111111111111111,0.37209302325581395,
r1,all,first_chain_wrong,incremental_plurality_helpful,all_seeds,3,800,0.0,67.0,0.0,0.0,0.05422613939130177,0.0,0.0,
r1,all,first_chain_wrong,incremental_plurality_helpful,leave_out:42,2,800,0.0,45.0,0.0,6.938893903907228e-18,0.07865159873288832,0.0,0.0,
r1,all,first_chain_wrong,incremental_plurality_helpful,leave_out:314159,2,800,0.0,45.0,0.0,6.938893903907228e-18,0.07865159873288832,0.0,0.0,
r1,all,first_chain_wrong,incremental_plurality_helpful,leave_out:271828,2,800,0.0,44.0,0.0,0.0,0.08029560375848063,0.0,0.0,
r1,all,first_chain_wrong,incremental_plurality_harmful,all_seeds,3,800,1.0,67.0,0.014925373134328358,0.002639571734078895,0.07981862319778105,0.0,0.05,
r1,all,first_chain_wrong,incremental_plurality_harmful,leave_out:42,2,800,0.0,45.0,0.0,6.938893903907228e-18,0.07865159873288832,0.0,0.0,
r1,all,first_chain_wrong,incremental_plurality_harmful,leave_out:314159,2,800,1.0,45.0,0.022222222222222223,0.003933598882833435,0.11566681768414877,0.0,0.07550798258345374,
r1,all,first_chain_wrong,incremental_plurality_harmful,leave_out:271828,2,800,1.0,44.0,0.022727272727272728,0.004023252060053231,0.11807709698213281,0.0,0.075,
r1,all,first_chain_wrong,incremental_net,all_seeds,3,800,-1.0,67.0,-0.014925373134328358,,,-0.05,0.0,
r1,all,first_chain_wrong,incremental_net,leave_out:42,2,800,0.0,45.0,0.0,,,0.0,0.0,
r1,all,first_chain_wrong,incremental_net,leave_out:314159,2,800,-1.0,45.0,-0.022222222222222223,,,-0.07550798258345424,0.0,
r1,all,first_chain_wrong,incremental_net,leave_out:271828,2,800,-1.0,44.0,-0.022727272727272728,,,-0.075,0.0,
r1,gsm8k,strict_all_wrong,samecap_repair_plurality,all_seeds,3,400,0.0,13.0,0.0,0.0,0.2280953723541983,0.0,0.0,
r1,gsm8k,strict_all_wrong,samecap_repair_plurality,leave_out:42,2,400,0.0,9.0,0.0,0.0,0.299145048419544,0.0,0.0,
r1,gsm8k,strict_all_wrong,samecap_repair_plurality,leave_out:314159,2,400,0.0,10.0,0.0,2.7755575615628914e-17,0.27753279986288915,0.0,0.0,
r1,gsm8k,strict_all_wrong,samecap_repair_plurality,leave_out:271828,2,400,0.0,7.0,0.0,0.0,0.3543304350666873,0.0,0.0,
r1,gsm8k,strict_all_wrong,long_repair_plurality,all_seeds,3,400,0.0,13.0,0.0,0.0,0.2280953723541983,0.0,0.0,
r1,gsm8k,strict_all_wrong,long_repair_plurality,leave_out:42,2,400,0.0,9.0,0.0,0.0,0.299145048419544,0.0,0.0,
r1,gsm8k,strict_all_wrong,long_repair_plurality,leave_out:314159,2,400,0.0,10.0,0.0,2.7755575615628914e-17,0.27753279986288915,0.0,0.0,
r1,gsm8k,strict_all_wrong,long_repair_plurality,leave_out:271828,2,400,0.0,7.0,0.0,0.0,0.3543304350666873,0.0,0.0,
r1,gsm8k,strict_all_wrong,samecap_repair_any,all_seeds,3,400,2.0,13.0,0.15384615384615385,0.04325817835808124,0.42234631019482527,0.0,0.5714285714285714,
r1,gsm8k,strict_all_wrong,samecap_repair_any,leave_out:42,2,400,1.0,9.0,0.1111111111111111,0.019890887638544935,0.4349997055766559,0.0,0.5,
r1,gsm8k,strict_all_wrong,samecap_repair_any,leave_out:314159,2,400,2.0,10.0,0.2,0.056682151454375246,0.5098375284633582,0.0,0.6666666666666666,
r1,gsm8k,strict_all_wrong,samecap_repair_any,leave_out:271828,2,400,1.0,7.0,0.14285714285714285,0.02567962434474355,0.5131278292743188,0.0,1.0,
r1,gsm8k,strict_all_wrong,long_repair_any,all_seeds,3,400,2.0,13.0,0.15384615384615385,0.04325817835808124,0.42234631019482527,0.0,0.5714285714285714,
r1,gsm8k,strict_all_wrong,long_repair_any,leave_out:42,2,400,1.0,9.0,0.1111111111111111,0.019890887638544935,0.4349997055766559,0.0,0.5,
r1,gsm8k,strict_all_wrong,long_repair_any,leave_out:314159,2,400,2.0,10.0,0.2,0.056682151454375246,0.5098375284633582,0.0,0.6666666666666666,
r1,gsm8k,strict_all_wrong,long_repair_any,leave_out:271828,2,400,1.0,7.0,0.14285714285714285,0.02567962434474355,0.5131278292743188,0.0,1.0,
r1,gsm8k,strict_all_wrong,incremental_plurality_helpful,all_seeds,3,400,0.0,13.0,0.0,0.0,0.2280953723541983,0.0,0.0,
r1,gsm8k,strict_all_wrong,incremental_plurality_helpful,leave_out:42,2,400,0.0,9.0,0.0,0.0,0.299145048419544,0.0,0.0,
r1,gsm8k,strict_all_wrong,incremental_plurality_helpful,leave_out:314159,2,400,0.0,10.0,0.0,2.7755575615628914e-17,0.27753279986288915,0.0,0.0,
r1,gsm8k,strict_all_wrong,incremental_plurality_helpful,leave_out:271828,2,400,0.0,7.0,0.0,0.0,0.3543304350666873,0.0,0.0,
r1,gsm8k,strict_all_wrong,incremental_plurality_harmful,all_seeds,3,400,0.0,13.0,0.0,0.0,0.2280953723541983,0.0,0.0,
r1,gsm8k,strict_all_wrong,incremental_plurality_harmful,leave_out:42,2,400,0.0,9.0,0.0,0.0,0.299145048419544,0.0,0.0,
r1,gsm8k,strict_all_wrong,incremental_plurality_harmful,leave_out:314159,2,400,0.0,10.0,0.0,2.7755575615628914e-17,0.27753279986288915,0.0,0.0,
r1,gsm8k,strict_all_wrong,incremental_plurality_harmful,leave_out:271828,2,400,0.0,7.0,0.0,0.0,0.3543304350666873,0.0,0.0,
r1,gsm8k,strict_all_wrong,incremental_net,all_seeds,3,400,0.0,13.0,0.0,,,0.0,0.0,
r1,gsm8k,strict_all_wrong,incremental_net,leave_out:42,2,400,0.0,9.0,0.0,,,0.0,0.0,
r1,gsm8k,strict_all_wrong,incremental_net,leave_out:314159,2,400,0.0,10.0,0.0,,,0.0,0.0,
r1,gsm8k,strict_all_wrong,incremental_net,leave_out:271828,2,400,0.0,7.0,0.0,,,0.0,0.0,
r1,gsm8k,plurality_wrong,samecap_repair_plurality,all_seeds,3,400,1.0,15.0,0.06666666666666667,0.011866895493268581,0.2981652987378002,0.0,0.3,
r1,gsm8k,plurality_wrong,samecap_repair_plurality,leave_out:42,2,400,1.0,11.0,0.09090909090909091,0.016232172885884827,0.3773584364515956,0.0,0.3392857142857143,
r1,gsm8k,plurality_wrong,samecap_repair_plurality,leave_out:314159,2,400,0.0,10.0,0.0,2.7755575615628914e-17,0.27753279986288915,0.0,0.0,
r1,gsm8k,plurality_wrong,samecap_repair_plurality,leave_out:271828,2,400,1.0,9.0,0.1111111111111111,0.019890887638544935,0.4349997055766559,0.0,0.5,
r1,gsm8k,plurality_wrong,long_repair_plurality,all_seeds,3,400,1.0,15.0,0.06666666666666667,0.011866895493268581,0.2981652987378002,0.0,0.3,
r1,gsm8k,plurality_wrong,long_repair_plurality,leave_out:42,2,400,1.0,11.0,0.09090909090909091,0.016232172885884827,0.3773584364515956,0.0,0.3392857142857143,
r1,gsm8k,plurality_wrong,long_repair_plurality,leave_out:314159,2,400,0.0,10.0,0.0,2.7755575615628914e-17,0.27753279986288915,0.0,0.0,
r1,gsm8k,plurality_wrong,long_repair_plurality,leave_out:271828,2,400,1.0,9.0,0.1111111111111111,0.019890887638544935,0.4349997055766559,0.0,0.5,
r1,gsm8k,plurality_wrong,samecap_repair_any,all_seeds,3,400,2.0,15.0,0.13333333333333333,0.03736125910306537,0.37881982832322353,0.0,0.4,
r1,gsm8k,plurality_wrong,samecap_repair_any,leave_out:42,2,400,1.0,11.0,0.09090909090909091,0.016232172885884827,0.3773584364515956,0.0,0.2857142857142857,
r1,gsm8k,plurality_wrong,samecap_repair_any,leave_out:314159,2,400,2.0,10.0,0.2,0.056682151454375246,0.5098375284633582,0.0,0.6666666666666666,
r1,gsm8k,plurality_wrong,samecap_repair_any,leave_out:271828,2,400,1.0,9.0,0.1111111111111111,0.019890887638544935,0.4349997055766559,0.0,0.3333333333333333,
r1,gsm8k,plurality_wrong,long_repair_any,all_seeds,3,400,2.0,15.0,0.13333333333333333,0.03736125910306537,0.37881982832322353,0.0,0.4,
r1,gsm8k,plurality_wrong,long_repair_any,leave_out:42,2,400,1.0,11.0,0.09090909090909091,0.016232172885884827,0.3773584364515956,0.0,0.2857142857142857,
r1,gsm8k,plurality_wrong,long_repair_any,leave_out:314159,2,400,2.0,10.0,0.2,0.056682151454375246,0.5098375284633582,0.0,0.6666666666666666,
r1,gsm8k,plurality_wrong,long_repair_any,leave_out:271828,2,400,1.0,9.0,0.1111111111111111,0.019890887638544935,0.4349997055766559,0.0,0.3333333333333333,
r1,gsm8k,plurality_wrong,incremental_plurality_helpful,all_seeds,3,400,0.0,15.0,0.0,0.0,0.20388330103584854,0.0,0.0,
r1,gsm8k,plurality_wrong,incremental_plurality_helpful,leave_out:42,2,400,0.0,11.0,0.0,0.0,0.25883296696803165,0.0,0.0,
r1,gsm8k,plurality_wrong,incremental_plurality_helpful,leave_out:314159,2,400,0.0,10.0,0.0,2.7755575615628914e-17,0.27753279986288915,0.0,0.0,
r1,gsm8k,plurality_wrong,incremental_plurality_helpful,leave_out:271828,2,400,0.0,9.0,0.0,0.0,0.299145048419544,0.0,0.0,
r1,gsm8k,plurality_wrong,incremental_plurality_harmful,all_seeds,3,400,0.0,15.0,0.0,0.0,0.20388330103584854,0.0,0.0,
r1,gsm8k,plurality_wrong,incremental_plurality_harmful,leave_out:42,2,400,0.0,11.0,0.0,0.0,0.25883296696803165,0.0,0.0,
r1,gsm8k,plurality_wrong,incremental_plurality_harmful,leave_out:314159,2,400,0.0,10.0,0.0,2.7755575615628914e-17,0.27753279986288915,0.0,0.0,
r1,gsm8k,plurality_wrong,incremental_plurality_harmful,leave_out:271828,2,400,0.0,9.0,0.0,0.0,0.299145048419544,0.0,0.0,
r1,gsm8k,plurality_wrong,incremental_net,all_seeds,3,400,0.0,15.0,0.0,,,0.0,0.0,
r1,gsm8k,plurality_wrong,incremental_net,leave_out:42,2,400,0.0,11.0,0.0,,,0.0,0.0,
r1,gsm8k,plurality_wrong,incremental_net,leave_out:314159,2,400,0.0,10.0,0.0,,,0.0,0.0,
r1,gsm8k,plurality_wrong,incremental_net,leave_out:271828,2,400,0.0,9.0,0.0,,,0.0,0.0,
r1,gsm8k,first_chain_wrong,samecap_repair_plurality,all_seeds,3,400,10.0,40.0,0.25,0.14187118639096308,0.4019396142076802,0.10714285714285714,0.4473684210526316,
r1,gsm8k,first_chain_wrong,samecap_repair_plurality,leave_out:42,2,400,6.0,26.0,0.23076923076923078,0.11033849405783294,0.42051554078943687,0.07894736842105263,0.43333333333333335,
r1,gsm8k,first_chain_wrong,samecap_repair_plurality,leave_out:314159,2,400,6.0,28.0,0.21428571428571427,0.10212460332897882,0.39538585653721864,0.06896551724137931,0.4090909090909091,
r1,gsm8k,first_chain_wrong,samecap_repair_plurality,leave_out:271828,2,400,8.0,26.0,0.3076923076923077,0.1650131559546377,0.49988258322198365,0.11538461538461539,0.5555555555555556,
r1,gsm8k,first_chain_wrong,long_repair_plurality,all_seeds,3,400,9.0,40.0,0.225,0.12316091323540745,0.37503096742310016,0.1,0.40477799227799205,
r1,gsm8k,first_chain_wrong,long_repair_plurality,leave_out:42,2,400,6.0,26.0,0.23076923076923078,0.11033849405783294,0.42051554078943687,0.07894736842105263,0.43333333333333335,
r1,gsm8k,first_chain_wrong,long_repair_plurality,leave_out:314159,2,400,5.0,28.0,0.17857142857142858,0.07878501945604274,0.3559142478934294,0.041666666666666664,0.36,
r1,gsm8k,first_chain_wrong,long_repair_plurality,leave_out:271828,2,400,7.0,26.0,0.2692307692307692,0.1370444832201838,0.46083040379176177,0.10714285714285714,0.5,
r1,gsm8k,first_chain_wrong,samecap_repair_any,all_seeds,3,400,15.0,40.0,0.375,0.24222979167233274,0.5296756086269889,0.2,0.6097560975609756,
r1,gsm8k,first_chain_wrong,samecap_repair_any,leave_out:42,2,400,10.0,26.0,0.38461538461538464,0.224285944357128,0.5746514991488448,0.1935483870967742,0.631578947368421,
r1,gsm8k,first_chain_wrong,samecap_repair_any,leave_out:314159,2,400,10.0,28.0,0.35714285714285715,0.20705829507737683,0.541696934855722,0.16214036617262426,0.5925925925925926,
r1,gsm8k,first_chain_wrong,samecap_repair_any,leave_out:271828,2,400,10.0,26.0,0.38461538461538464,0.224285944357128,0.5746514991488448,0.17857142857142858,0.6363636363636364,
r1,gsm8k,first_chain_wrong,long_repair_any,all_seeds,3,400,15.0,40.0,0.375,0.24222979167233274,0.5296756086269889,0.20588235294117646,0.6060606060606061,
r1,gsm8k,first_chain_wrong,long_repair_any,leave_out:42,2,400,11.0,26.0,0.4230769230769231,0.2554444331365657,0.6105138625340829,0.2222222222222222,0.6818181818181818,
r1,gsm8k,first_chain_wrong,long_repair_any,leave_out:314159,2,400,10.0,28.0,0.35714285714285715,0.20705829507737683,0.541696934855722,0.16129032258064516,0.6,
r1,gsm8k,first_chain_wrong,long_repair_any,leave_out:271828,2,400,9.0,26.0,0.34615384615384615,0.19412230322940524,0.5377942881118918,0.16666666666666666,0.5769230769230769,
r1,gsm8k,first_chain_wrong,incremental_plurality_helpful,all_seeds,3,400,0.0,40.0,0.0,6.938893903907228e-18,0.0876216011972866,0.0,0.0,
r1,gsm8k,first_chain_wrong,incremental_plurality_helpful,leave_out:42,2,400,0.0,26.0,0.0,0.0,0.12872892185921525,0.0,0.0,
r1,gsm8k,first_chain_wrong,incremental_plurality_helpful,leave_out:314159,2,400,0.0,28.0,0.0,0.0,0.12064330476584559,0.0,0.0,
r1,gsm8k,first_chain_wrong,incremental_plurality_helpful,leave_out:271828,2,400,0.0,26.0,0.0,0.0,0.12872892185921525,0.0,0.0,
r1,gsm8k,first_chain_wrong,incremental_plurality_harmful,all_seeds,3,400,1.0,40.0,0.025,0.004426831502681396,0.12881368963474088,0.0,0.08333333333333333,
r1,gsm8k,first_chain_wrong,incremental_plurality_harmful,leave_out:42,2,400,0.0,26.0,0.0,0.0,0.12872892185921525,0.0,0.0,
r1,gsm8k,first_chain_wrong,incremental_plurality_harmful,leave_out:314159,2,400,1.0,28.0,0.03571428571428571,0.0063325198490377516,0.17712197743353314,0.0,0.125,
r1,gsm8k,first_chain_wrong,incremental_plurality_harmful,leave_out:271828,2,400,1.0,26.0,0.038461538461538464,0.006821984993543487,0.18892778903034751,0.0,0.125,
r1,gsm8k,first_chain_wrong,incremental_net,all_seeds,3,400,-1.0,40.0,-0.025,,,-0.08333333333333333,0.0,
r1,gsm8k,first_chain_wrong,incremental_net,leave_out:42,2,400,0.0,26.0,0.0,,,0.0,0.0,
r1,gsm8k,first_chain_wrong,incremental_net,leave_out:314159,2,400,-1.0,28.0,-0.03571428571428571,,,-0.125,0.0,
r1,gsm8k,first_chain_wrong,incremental_net,leave_out:271828,2,400,-1.0,26.0,-0.038461538461538464,,,-0.125,0.0,
r1,math,strict_all_wrong,samecap_repair_plurality,all_seeds,3,400,0.0,11.0,0.0,0.0,0.25883296696803165,0.0,0.0,
r1,math,strict_all_wrong,samecap_repair_plurality,leave_out:42,2,400,0.0,7.0,0.0,0.0,0.3543304350666873,0.0,0.0,
r1,math,strict_all_wrong,samecap_repair_plurality,leave_out:314159,2,400,0.0,7.0,0.0,0.0,0.3543304350666873,0.0,0.0,
r1,math,strict_all_wrong,samecap_repair_plurality,leave_out:271828,2,400,0.0,8.0,0.0,0.0,0.3244075648838801,0.0,0.0,
r1,math,strict_all_wrong,long_repair_plurality,all_seeds,3,400,0.0,11.0,0.0,0.0,0.25883296696803165,0.0,0.0,
r1,math,strict_all_wrong,long_repair_plurality,leave_out:42,2,400,0.0,7.0,0.0,0.0,0.3543304350666873,0.0,0.0,
r1,math,strict_all_wrong,long_repair_plurality,leave_out:314159,2,400,0.0,7.0,0.0,0.0,0.3543304350666873,0.0,0.0,
r1,math,strict_all_wrong,long_repair_plurality,leave_out:271828,2,400,0.0,8.0,0.0,0.0,0.3244075648838801,0.0,0.0,
r1,math,strict_all_wrong,samecap_repair_any,all_seeds,3,400,0.0,11.0,0.0,0.0,0.25883296696803165,0.0,0.0,
r1,math,strict_all_wrong,samecap_repair_any,leave_out:42,2,400,0.0,7.0,0.0,0.0,0.3543304350666873,0.0,0.0,
r1,math,strict_all_wrong,samecap_repair_any,leave_out:314159,2,400,0.0,7.0,0.0,0.0,0.3543304350666873,0.0,0.0,
r1,math,strict_all_wrong,samecap_repair_any,leave_out:271828,2,400,0.0,8.0,0.0,0.0,0.3244075648838801,0.0,0.0,
r1,math,strict_all_wrong,long_repair_any,all_seeds,3,400,0.0,11.0,0.0,0.0,0.25883296696803165,0.0,0.0,
r1,math,strict_all_wrong,long_repair_any,leave_out:42,2,400,0.0,7.0,0.0,0.0,0.3543304350666873,0.0,0.0,
r1,math,strict_all_wrong,long_repair_any,leave_out:314159,2,400,0.0,7.0,0.0,0.0,0.3543304350666873,0.0,0.0,
r1,math,strict_all_wrong,long_repair_any,leave_out:271828,2,400,0.0,8.0,0.0,0.0,0.3244075648838801,0.0,0.0,
r1,math,strict_all_wrong,incremental_plurality_helpful,all_seeds,3,400,0.0,11.0,0.0,0.0,0.25883296696803165,0.0,0.0,
r1,math,strict_all_wrong,incremental_plurality_helpful,leave_out:42,2,400,0.0,7.0,0.0,0.0,0.3543304350666873,0.0,0.0,
r1,math,strict_all_wrong,incremental_plurality_helpful,leave_out:314159,2,400,0.0,7.0,0.0,0.0,0.3543304350666873,0.0,0.0,
r1,math,strict_all_wrong,incremental_plurality_helpful,leave_out:271828,2,400,0.0,8.0,0.0,0.0,0.3244075648838801,0.0,0.0,
r1,math,strict_all_wrong,incremental_plurality_harmful,all_seeds,3,400,0.0,11.0,0.0,0.0,0.25883296696803165,0.0,0.0,
r1,math,strict_all_wrong,incremental_plurality_harmful,leave_out:42,2,400,0.0,7.0,0.0,0.0,0.3543304350666873,0.0,0.0,
r1,math,strict_all_wrong,incremental_plurality_harmful,leave_out:314159,2,400,0.0,7.0,0.0,0.0,0.3543304350666873,0.0,0.0,
r1,math,strict_all_wrong,incremental_plurality_harmful,leave_out:271828,2,400,0.0,8.0,0.0,0.0,0.3244075648838801,0.0,0.0,
r1,math,strict_all_wrong,incremental_net,all_seeds,3,400,0.0,11.0,0.0,,,0.0,0.0,
r1,math,strict_all_wrong,incremental_net,leave_out:42,2,400,0.0,7.0,0.0,,,0.0,0.0,
r1,math,strict_all_wrong,incremental_net,leave_out:314159,2,400,0.0,7.0,0.0,,,0.0,0.0,
r1,math,strict_all_wrong,incremental_net,leave_out:271828,2,400,0.0,8.0,0.0,,,0.0,0.0,
r1,math,plurality_wrong,samecap_repair_plurality,all_seeds,3,400,0.0,11.0,0.0,0.0,0.25883296696803165,0.0,0.0,
r1,math,plurality_wrong,samecap_repair_plurality,leave_out:42,2,400,0.0,7.0,0.0,0.0,0.3543304350666873,0.0,0.0,
r1,math,plurality_wrong,samecap_repair_plurality,leave_out:314159,2,400,0.0,7.0,0.0,0.0,0.3543304350666873,0.0,0.0,
r1,math,plurality_wrong,samecap_repair_plurality,leave_out:271828,2,400,0.0,8.0,0.0,0.0,0.3244075648838801,0.0,0.0,
r1,math,plurality_wrong,long_repair_plurality,all_seeds,3,400,0.0,11.0,0.0,0.0,0.25883296696803165,0.0,0.0,
r1,math,plurality_wrong,long_repair_plurality,leave_out:42,2,400,0.0,7.0,0.0,0.0,0.3543304350666873,0.0,0.0,
r1,math,plurality_wrong,long_repair_plurality,leave_out:314159,2,400,0.0,7.0,0.0,0.0,0.3543304350666873,0.0,0.0,
r1,math,plurality_wrong,long_repair_plurality,leave_out:271828,2,400,0.0,8.0,0.0,0.0,0.3244075648838801,0.0,0.0,
r1,math,plurality_wrong,samecap_repair_any,all_seeds,3,400,0.0,11.0,0.0,0.0,0.25883296696803165,0.0,0.0,
r1,math,plurality_wrong,samecap_repair_any,leave_out:42,2,400,0.0,7.0,0.0,0.0,0.3543304350666873,0.0,0.0,
r1,math,plurality_wrong,samecap_repair_any,leave_out:314159,2,400,0.0,7.0,0.0,0.0,0.3543304350666873,0.0,0.0,
r1,math,plurality_wrong,samecap_repair_any,leave_out:271828,2,400,0.0,8.0,0.0,0.0,0.3244075648838801,0.0,0.0,
r1,math,plurality_wrong,long_repair_any,all_seeds,3,400,0.0,11.0,0.0,0.0,0.25883296696803165,0.0,0.0,
r1,math,plurality_wrong,long_repair_any,leave_out:42,2,400,0.0,7.0,0.0,0.0,0.3543304350666873,0.0,0.0,
r1,math,plurality_wrong,long_repair_any,leave_out:314159,2,400,0.0,7.0,0.0,0.0,0.3543304350666873,0.0,0.0,
r1,math,plurality_wrong,long_repair_any,leave_out:271828,2,400,0.0,8.0,0.0,0.0,0.3244075648838801,0.0,0.0,
r1,math,plurality_wrong,incremental_plurality_helpful,all_seeds,3,400,0.0,11.0,0.0,0.0,0.25883296696803165,0.0,0.0,
r1,math,plurality_wrong,incremental_plurality_helpful,leave_out:42,2,400,0.0,7.0,0.0,0.0,0.3543304350666873,0.0,0.0,
r1,math,plurality_wrong,incremental_plurality_helpful,leave_out:314159,2,400,0.0,7.0,0.0,0.0,0.3543304350666873,0.0,0.0,
r1,math,plurality_wrong,incremental_plurality_helpful,leave_out:271828,2,400,0.0,8.0,0.0,0.0,0.3244075648838801,0.0,0.0,
r1,math,plurality_wrong,incremental_plurality_harmful,all_seeds,3,400,0.0,11.0,0.0,0.0,0.25883296696803165,0.0,0.0,
r1,math,plurality_wrong,incremental_plurality_harmful,leave_out:42,2,400,0.0,7.0,0.0,0.0,0.3543304350666873,0.0,0.0,
r1,math,plurality_wrong,incremental_plurality_harmful,leave_out:314159,2,400,0.0,7.0,0.0,0.0,0.3543304350666873,0.0,0.0,
r1,math,plurality_wrong,incremental_plurality_harmful,leave_out:271828,2,400,0.0,8.0,0.0,0.0,0.3244075648838801,0.0,0.0,
r1,math,plurality_wrong,incremental_net,all_seeds,3,400,0.0,11.0,0.0,,,0.0,0.0,
r1,math,plurality_wrong,incremental_net,leave_out:42,2,400,0.0,7.0,0.0,,,0.0,0.0,
r1,math,plurality_wrong,incremental_net,leave_out:314159,2,400,0.0,7.0,0.0,,,0.0,0.0,
r1,math,plurality_wrong,incremental_net,leave_out:271828,2,400,0.0,8.0,0.0,,,0.0,0.0,
r1,math,first_chain_wrong,samecap_repair_plurality,all_seeds,3,400,0.0,27.0,0.0,0.0,0.12455502974186704,0.0,0.0,
r1,math,first_chain_wrong,samecap_repair_plurality,leave_out:42,2,400,0.0,19.0,0.0,0.0,0.16817922405261618,0.0,0.0,
r1,math,first_chain_wrong,samecap_repair_plurality,leave_out:314159,2,400,0.0,17.0,0.0,1.3877787807814457e-17,0.18431813500885175,0.0,0.0,
r1,math,first_chain_wrong,samecap_repair_plurality,leave_out:271828,2,400,0.0,18.0,0.0,0.0,0.17587922364665756,0.0,0.0,
r1,math,first_chain_wrong,long_repair_plurality,all_seeds,3,400,0.0,27.0,0.0,0.0,0.12455502974186704,0.0,0.0,
r1,math,first_chain_wrong,long_repair_plurality,leave_out:42,2,400,0.0,19.0,0.0,0.0,0.16817922405261618,0.0,0.0,
r1,math,first_chain_wrong,long_repair_plurality,leave_out:314159,2,400,0.0,17.0,0.0,1.3877787807814457e-17,0.18431813500885175,0.0,0.0,
r1,math,first_chain_wrong,long_repair_plurality,leave_out:271828,2,400,0.0,18.0,0.0,0.0,0.17587922364665756,0.0,0.0,
r1,math,first_chain_wrong,samecap_repair_any,all_seeds,3,400,1.0,27.0,0.037037037037037035,0.006568145980785131,0.18283465933575843,0.0,0.13043478260869565,
r1,math,first_chain_wrong,samecap_repair_any,leave_out:42,2,400,0.0,19.0,0.0,0.0,0.16817922405261618,0.0,0.0,
r1,math,first_chain_wrong,samecap_repair_any,leave_out:314159,2,400,1.0,17.0,0.058823529411764705,0.010460400984997592,0.26982030637575394,0.0,0.2222222222222222,
r1,math,first_chain_wrong,samecap_repair_any,leave_out:271828,2,400,1.0,18.0,0.05555555555555555,0.00987519097830307,0.25757300781872583,0.0,0.18181818181818182,
r1,math,first_chain_wrong,long_repair_any,all_seeds,3,400,1.0,27.0,0.037037037037037035,0.006568145980785131,0.18283465933575843,0.0,0.13043478260869565,
r1,math,first_chain_wrong,long_repair_any,leave_out:42,2,400,0.0,19.0,0.0,0.0,0.16817922405261618,0.0,0.0,
r1,math,first_chain_wrong,long_repair_any,leave_out:314159,2,400,1.0,17.0,0.058823529411764705,0.010460400984997592,0.26982030637575394,0.0,0.2222222222222222,
r1,math,first_chain_wrong,long_repair_any,leave_out:271828,2,400,1.0,18.0,0.05555555555555555,0.00987519097830307,0.25757300781872583,0.0,0.18181818181818182,
r1,math,first_chain_wrong,incremental_plurality_helpful,all_seeds,3,400,0.0,27.0,0.0,0.0,0.12455502974186704,0.0,0.0,
r1,math,first_chain_wrong,incremental_plurality_helpful,leave_out:42,2,400,0.0,19.0,0.0,0.0,0.16817922405261618,0.0,0.0,
r1,math,first_chain_wrong,incremental_plurality_helpful,leave_out:314159,2,400,0.0,17.0,0.0,1.3877787807814457e-17,0.18431813500885175,0.0,0.0,
r1,math,first_chain_wrong,incremental_plurality_helpful,leave_out:271828,2,400,0.0,18.0,0.0,0.0,0.17587922364665756,0.0,0.0,
r1,math,first_chain_wrong,incremental_plurality_harmful,all_seeds,3,400,0.0,27.0,0.0,0.0,0.12455502974186704,0.0,0.0,
r1,math,first_chain_wrong,incremental_plurality_harmful,leave_out:42,2,400,0.0,19.0,0.0,0.0,0.16817922405261618,0.0,0.0,
r1,math,first_chain_wrong,incremental_plurality_harmful,leave_out:314159,2,400,0.0,17.0,0.0,1.3877787807814457e-17,0.18431813500885175,0.0,0.0,
r1,math,first_chain_wrong,incremental_plurality_harmful,leave_out:271828,2,400,0.0,18.0,0.0,0.0,0.17587922364665756,0.0,0.0,
r1,math,first_chain_wrong,incremental_net,all_seeds,3,400,0.0,27.0,0.0,,,0.0,0.0,
r1,math,first_chain_wrong,incremental_net,leave_out:42,2,400,0.0,19.0,0.0,,,0.0,0.0,
r1,math,first_chain_wrong,incremental_net,leave_out:314159,2,400,0.0,17.0,0.0,,,0.0,0.0,
r1,math,first_chain_wrong,incremental_net,leave_out:271828,2,400,0.0,18.0,0.0,,,0.0,0.0,
r1,all,complete_plurality_correct,harm,all_seeds,3,800,3.0,971.0,0.003089598352214212,0.0010512865334147909,0.00904415896866689,0.0,0.007092378404039529,A_to_B_resampling
r1,all,complete_plurality_correct,harm,leave_out:42,2,800,2.0,640.0,0.003125,0.000857406448106857,0.011321770138404203,0.0,0.008025682182985553,A_to_B_resampling
r1,all,complete_plurality_correct,harm,leave_out:314159,2,800,1.0,651.0,0.0015360983102918587,0.0002712105537547192,0.008649206353284158,0.0,0.00487012987012987,A_to_B_resampling
r1,all,complete_plurality_correct,harm,leave_out:271828,2,800,3.0,651.0,0.004608294930875576,0.0015684476727498824,0.013460317974461329,0.0,0.010558069381598794,A_to_B_resampling
r1,all,complete_plurality_correct,certain_harm,all_seeds,3,800,1.0,971.0,0.0010298661174047373,0.00018181979644140865,0.005810394391659266,0.0,0.003229365790059759,A_to_B_resampling
r1,all,complete_plurality_correct,certain_harm,leave_out:42,2,800,1.0,640.0,0.0015625,0.0002758728855767516,0.008796948910325852,0.0,0.004909983633387889,A_to_B_resampling
r1,all,complete_plurality_correct,certain_harm,leave_out:314159,2,800,0.0,651.0,0.0,0.0,0.005866242536952711,0.0,0.0,A_to_B_resampling
r1,all,complete_plurality_correct,certain_harm,leave_out:271828,2,800,1.0,651.0,0.0015360983102918587,0.0002712105537547192,0.008649206353284158,0.0,0.00482315112540193,A_to_B_resampling
r1,all,complete_plurality_correct,possible_harm,all_seeds,3,800,3.0,971.0,0.003089598352214212,0.0010512865334147909,0.00904415896866689,0.0,0.007092378404039529,A_to_B_resampling
r1,all,complete_plurality_correct,possible_harm,leave_out:42,2,800,2.0,640.0,0.003125,0.000857406448106857,0.011321770138404203,0.0,0.008025682182985553,A_to_B_resampling
r1,all,complete_plurality_correct,possible_harm,leave_out:314159,2,800,1.0,651.0,0.0015360983102918587,0.0002712105537547192,0.008649206353284158,0.0,0.00487012987012987,A_to_B_resampling
r1,all,complete_plurality_correct,possible_harm,leave_out:271828,2,800,3.0,651.0,0.004608294930875576,0.0015684476727498824,0.013460317974461329,0.0,0.010558069381598794,A_to_B_resampling
r1,all,complete_all_correct,harm,all_seeds,3,800,2.0,960.0,0.0020833333333333333,0.0005715111840712017,0.007564120199007632,0.0,0.005307855626326964,A_to_B_resampling
r1,all,complete_all_correct,harm,leave_out:42,2,800,1.0,633.0,0.001579778830963665,0.00027892420840703626,0.008893623746481711,0.0,0.0049182346765727185,A_to_B_resampling
r1,all,complete_all_correct,harm,leave_out:314159,2,800,1.0,642.0,0.001557632398753894,0.00027501330299450205,0.008769712365996494,0.0,0.004934210526315789,A_to_B_resampling
r1,all,complete_all_correct,harm,leave_out:271828,2,800,2.0,645.0,0.0031007751937984496,0.0008507566624194026,0.011234566669024948,0.0,0.007874015748031496,A_to_B_resampling
r1,all,complete_all_correct,certain_harm,all_seeds,3,800,0.0,960.0,0.0,0.0,0.003985571263342761,0.0,0.0,A_to_B_resampling
r1,all,complete_all_correct,certain_harm,leave_out:42,2,800,0.0,633.0,0.0,0.0,0.006032048899278252,0.0,0.0,A_to_B_resampling
r1,all,complete_all_correct,certain_harm,leave_out:314159,2,800,0.0,642.0,0.0,4.336808689942018e-19,0.005947990436706593,0.0,0.0,A_to_B_resampling
r1,all,complete_all_correct,certain_harm,leave_out:271828,2,800,0.0,645.0,0.0,0.0,0.005920489155665533,0.0,0.0,A_to_B_resampling
r1,all,complete_all_correct,possible_harm,all_seeds,3,800,2.0,960.0,0.0020833333333333333,0.0005715111840712017,0.007564120199007632,0.0,0.005307855626326964,A_to_B_resampling
r1,all,complete_all_correct,possible_harm,leave_out:42,2,800,1.0,633.0,0.001579778830963665,0.00027892420840703626,0.008893623746481711,0.0,0.0049182346765727185,A_to_B_resampling
r1,all,complete_all_correct,possible_harm,leave_out:314159,2,800,1.0,642.0,0.001557632398753894,0.00027501330299450205,0.008769712365996494,0.0,0.004934210526315789,A_to_B_resampling
r1,all,complete_all_correct,possible_harm,leave_out:271828,2,800,2.0,645.0,0.0031007751937984496,0.0008507566624194026,0.011234566669024948,0.0,0.007874015748031496,A_to_B_resampling
r1,all,complete_plurality_correct,harm,all_seeds,3,800,0.0,971.0,0.0,4.336808689942018e-19,0.00394059853111017,0.0,0.0,A_to_C_combined
r1,all,complete_plurality_correct,harm,leave_out:42,2,800,0.0,640.0,0.0,4.336808689942018e-19,0.005966467005294148,0.0,0.0,A_to_C_combined
r1,all,complete_plurality_correct,harm,leave_out:314159,2,800,0.0,651.0,0.0,0.0,0.005866242536952711,0.0,0.0,A_to_C_combined
r1,all,complete_plurality_correct,harm,leave_out:271828,2,800,0.0,651.0,0.0,0.0,0.005866242536952711,0.0,0.0,A_to_C_combined
r1,all,complete_plurality_correct,certain_harm,all_seeds,3,800,0.0,971.0,0.0,4.336808689942018e-19,0.00394059853111017,0.0,0.0,A_to_C_combined
r1,all,complete_plurality_correct,certain_harm,leave_out:42,2,800,0.0,640.0,0.0,4.336808689942018e-19,0.005966467005294148,0.0,0.0,A_to_C_combined
r1,all,complete_plurality_correct,certain_harm,leave_out:314159,2,800,0.0,651.0,0.0,0.0,0.005866242536952711,0.0,0.0,A_to_C_combined
r1,all,complete_plurality_correct,certain_harm,leave_out:271828,2,800,0.0,651.0,0.0,0.0,0.005866242536952711,0.0,0.0,A_to_C_combined
r1,all,complete_plurality_correct,possible_harm,all_seeds,3,800,0.0,971.0,0.0,4.336808689942018e-19,0.00394059853111017,0.0,0.0,A_to_C_combined
r1,all,complete_plurality_correct,possible_harm,leave_out:42,2,800,0.0,640.0,0.0,4.336808689942018e-19,0.005966467005294148,0.0,0.0,A_to_C_combined
r1,all,complete_plurality_correct,possible_harm,leave_out:314159,2,800,0.0,651.0,0.0,0.0,0.005866242536952711,0.0,0.0,A_to_C_combined
r1,all,complete_plurality_correct,possible_harm,leave_out:271828,2,800,0.0,651.0,0.0,0.0,0.005866242536952711,0.0,0.0,A_to_C_combined
r1,all,complete_all_correct,harm,all_seeds,3,800,0.0,960.0,0.0,0.0,0.003985571263342761,0.0,0.0,A_to_C_combined
r1,all,complete_all_correct,harm,leave_out:42,2,800,0.0,633.0,0.0,0.0,0.006032048899278252,0.0,0.0,A_to_C_combined
r1,all,complete_all_correct,harm,leave_out:314159,2,800,0.0,642.0,0.0,4.336808689942018e-19,0.005947990436706593,0.0,0.0,A_to_C_combined
r1,all,complete_all_correct,harm,leave_out:271828,2,800,0.0,645.0,0.0,0.0,0.005920489155665533,0.0,0.0,A_to_C_combined
r1,all,complete_all_correct,certain_harm,all_seeds,3,800,0.0,960.0,0.0,0.0,0.003985571263342761,0.0,0.0,A_to_C_combined
r1,all,complete_all_correct,certain_harm,leave_out:42,2,800,0.0,633.0,0.0,0.0,0.006032048899278252,0.0,0.0,A_to_C_combined
r1,all,complete_all_correct,certain_harm,leave_out:314159,2,800,0.0,642.0,0.0,4.336808689942018e-19,0.005947990436706593,0.0,0.0,A_to_C_combined
r1,all,complete_all_correct,certain_harm,leave_out:271828,2,800,0.0,645.0,0.0,0.0,0.005920489155665533,0.0,0.0,A_to_C_combined
r1,all,complete_all_correct,possible_harm,all_seeds,3,800,0.0,960.0,0.0,0.0,0.003985571263342761,0.0,0.0,A_to_C_combined
r1,all,complete_all_correct,possible_harm,leave_out:42,2,800,0.0,633.0,0.0,0.0,0.006032048899278252,0.0,0.0,A_to_C_combined
r1,all,complete_all_correct,possible_harm,leave_out:314159,2,800,0.0,642.0,0.0,4.336808689942018e-19,0.005947990436706593,0.0,0.0,A_to_C_combined
r1,all,complete_all_correct,possible_harm,leave_out:271828,2,800,0.0,645.0,0.0,0.0,0.005920489155665533,0.0,0.0,A_to_C_combined
r1,all,complete_plurality_correct,harm,all_seeds,3,800,0.0,971.0,0.0,4.336808689942018e-19,0.00394059853111017,0.0,0.0,B_to_C_tokens
r1,all,complete_plurality_correct,harm,leave_out:42,2,800,0.0,640.0,0.0,4.336808689942018e-19,0.005966467005294148,0.0,0.0,B_to_C_tokens
r1,all,complete_plurality_correct,harm,leave_out:314159,2,800,0.0,651.0,0.0,0.0,0.005866242536952711,0.0,0.0,B_to_C_tokens
r1,all,complete_plurality_correct,harm,leave_out:271828,2,800,0.0,651.0,0.0,0.0,0.005866242536952711,0.0,0.0,B_to_C_tokens
r1,all,complete_plurality_correct,certain_harm,all_seeds,3,800,0.0,971.0,0.0,4.336808689942018e-19,0.00394059853111017,0.0,0.0,B_to_C_tokens
r1,all,complete_plurality_correct,certain_harm,leave_out:42,2,800,0.0,640.0,0.0,4.336808689942018e-19,0.005966467005294148,0.0,0.0,B_to_C_tokens
r1,all,complete_plurality_correct,certain_harm,leave_out:314159,2,800,0.0,651.0,0.0,0.0,0.005866242536952711,0.0,0.0,B_to_C_tokens
r1,all,complete_plurality_correct,certain_harm,leave_out:271828,2,800,0.0,651.0,0.0,0.0,0.005866242536952711,0.0,0.0,B_to_C_tokens
r1,all,complete_plurality_correct,possible_harm,all_seeds,3,800,0.0,971.0,0.0,4.336808689942018e-19,0.00394059853111017,0.0,0.0,B_to_C_tokens
r1,all,complete_plurality_correct,possible_harm,leave_out:42,2,800,0.0,640.0,0.0,4.336808689942018e-19,0.005966467005294148,0.0,0.0,B_to_C_tokens
r1,all,complete_plurality_correct,possible_harm,leave_out:314159,2,800,0.0,651.0,0.0,0.0,0.005866242536952711,0.0,0.0,B_to_C_tokens
r1,all,complete_plurality_correct,possible_harm,leave_out:271828,2,800,0.0,651.0,0.0,0.0,0.005866242536952711,0.0,0.0,B_to_C_tokens
r1,all,complete_all_correct,harm,all_seeds,3,800,0.0,960.0,0.0,0.0,0.003985571263342761,0.0,0.0,B_to_C_tokens
r1,all,complete_all_correct,harm,leave_out:42,2,800,0.0,633.0,0.0,0.0,0.006032048899278252,0.0,0.0,B_to_C_tokens
r1,all,complete_all_correct,harm,leave_out:314159,2,800,0.0,642.0,0.0,4.336808689942018e-19,0.005947990436706593,0.0,0.0,B_to_C_tokens
r1,all,complete_all_correct,harm,leave_out:271828,2,800,0.0,645.0,0.0,0.0,0.005920489155665533,0.0,0.0,B_to_C_tokens
r1,all,complete_all_correct,certain_harm,all_seeds,3,800,0.0,960.0,0.0,0.0,0.003985571263342761,0.0,0.0,B_to_C_tokens
r1,all,complete_all_correct,certain_harm,leave_out:42,2,800,0.0,633.0,0.0,0.0,0.006032048899278252,0.0,0.0,B_to_C_tokens
r1,all,complete_all_correct,certain_harm,leave_out:314159,2,800,0.0,642.0,0.0,4.336808689942018e-19,0.005947990436706593,0.0,0.0,B_to_C_tokens
r1,all,complete_all_correct,certain_harm,leave_out:271828,2,800,0.0,645.0,0.0,0.0,0.005920489155665533,0.0,0.0,B_to_C_tokens
r1,all,complete_all_correct,possible_harm,all_seeds,3,800,0.0,960.0,0.0,0.0,0.003985571263342761,0.0,0.0,B_to_C_tokens
r1,all,complete_all_correct,possible_harm,leave_out:42,2,800,0.0,633.0,0.0,0.0,0.006032048899278252,0.0,0.0,B_to_C_tokens
r1,all,complete_all_correct,possible_harm,leave_out:314159,2,800,0.0,642.0,0.0,4.336808689942018e-19,0.005947990436706593,0.0,0.0,B_to_C_tokens
r1,all,complete_all_correct,possible_harm,leave_out:271828,2,800,0.0,645.0,0.0,0.0,0.005920489155665533,0.0,0.0,B_to_C_tokens
r1,gsm8k,complete_plurality_correct,harm,all_seeds,3,400,3.0,728.0,0.004120879120879121,0.0014024394108629618,0.012045089014969694,0.0,0.009472259810554804,A_to_B_resampling
r1,gsm8k,complete_plurality_correct,harm,leave_out:42,2,400,2.0,479.0,0.0041753653444676405,0.0011457835590343258,0.015094451568757574,0.0,0.010660980810234541,A_to_B_resampling
r1,gsm8k,complete_plurality_correct,harm,leave_out:314159,2,400,1.0,487.0,0.002053388090349076,0.00036256542684076024,0.011538342118192078,0.0,0.006423982869379015,A_to_B_resampling
r1,gsm8k,complete_plurality_correct,harm,leave_out:271828,2,400,3.0,490.0,0.006122448979591836,0.002084324794793096,0.017844052308651756,0.0,0.013972055888223553,A_to_B_resampling
r1,gsm8k,complete_plurality_correct,certain_harm,all_seeds,3,400,1.0,728.0,0.0013736263736263737,0.00024251995103866456,0.007739343812333229,0.0,0.004310344827586207,A_to_B_resampling
r1,gsm8k,complete_plurality_correct,certain_harm,leave_out:42,2,400,1.0,479.0,0.0020876826722338203,0.00036862236246774666,0.011729466386914859,0.0,0.006564551422319475,A_to_B_resampling
r1,gsm8k,complete_plurality_correct,certain_harm,leave_out:314159,2,400,0.0,487.0,0.0,0.0,0.00782627211222885,0.0,0.0,A_to_B_resampling
r1,gsm8k,complete_plurality_correct,certain_harm,leave_out:271828,2,400,1.0,490.0,0.0020408163265306124,0.0003603450783601341,0.011468266546600788,0.0,0.006423982869379015,A_to_B_resampling
r1,gsm8k,complete_plurality_correct,possible_harm,all_seeds,3,400,3.0,728.0,0.004120879120879121,0.0014024394108629618,0.012045089014969694,0.0,0.009472259810554804,A_to_B_resampling
r1,gsm8k,complete_plurality_correct,possible_harm,leave_out:42,2,400,2.0,479.0,0.0041753653444676405,0.0011457835590343258,0.015094451568757574,0.0,0.010660980810234541,A_to_B_resampling
r1,gsm8k,complete_plurality_correct,possible_harm,leave_out:314159,2,400,1.0,487.0,0.002053388090349076,0.00036256542684076024,0.011538342118192078,0.0,0.006423982869379015,A_to_B_resampling
r1,gsm8k,complete_plurality_correct,possible_harm,leave_out:271828,2,400,3.0,490.0,0.006122448979591836,0.002084324794793096,0.017844052308651756,0.0,0.013972055888223553,A_to_B_resampling
r1,gsm8k,complete_all_correct,harm,all_seeds,3,400,2.0,717.0,0.002789400278940028,0.0007652877557220413,0.010112913996883657,0.0,0.007102272727272727,A_to_B_resampling
r1,gsm8k,complete_all_correct,harm,leave_out:42,2,400,1.0,472.0,0.00211864406779661,0.0003740906517173152,0.011901970444706176,0.0,0.0066518847006651885,A_to_B_resampling
r1,gsm8k,complete_all_correct,harm,leave_out:314159,2,400,1.0,478.0,0.0020920502092050207,0.0003693937384498516,0.011753803038745455,0.0,0.006535947712418301,A_to_B_resampling
r1,gsm8k,complete_all_correct,harm,leave_out:271828,2,400,2.0,484.0,0.004132231404958678,0.0011339392965337503,0.01493984590337532,0.0,0.01050420168067227,A_to_B_resampling
r1,gsm8k,complete_all_correct,certain_harm,all_seeds,3,400,0.0,717.0,0.0,4.336808689942018e-19,0.00532913135570587,0.0,0.0,A_to_B_resampling
r1,gsm8k,complete_all_correct,certain_harm,leave_out:42,2,400,0.0,472.0,0.0,0.0,0.00807298050534444,0.0,0.0,A_to_B_resampling
r1,gsm8k,complete_all_correct,certain_harm,leave_out:314159,2,400,0.0,478.0,0.0,0.0,0.007972453906511252,0.0,0.0,A_to_B_resampling
r1,gsm8k,complete_all_correct,certain_harm,leave_out:271828,2,400,0.0,484.0,0.0,0.0,0.00787440007657498,0.0,0.0,A_to_B_resampling
r1,gsm8k,complete_all_correct,possible_harm,all_seeds,3,400,2.0,717.0,0.002789400278940028,0.0007652877557220413,0.010112913996883657,0.0,0.007102272727272727,A_to_B_resampling
r1,gsm8k,complete_all_correct,possible_harm,leave_out:42,2,400,1.0,472.0,0.00211864406779661,0.0003740906517173152,0.011901970444706176,0.0,0.0066518847006651885,A_to_B_resampling
r1,gsm8k,complete_all_correct,possible_harm,leave_out:314159,2,400,1.0,478.0,0.0020920502092050207,0.0003693937384498516,0.011753803038745455,0.0,0.006535947712418301,A_to_B_resampling
r1,gsm8k,complete_all_correct,possible_harm,leave_out:271828,2,400,2.0,484.0,0.004132231404958678,0.0011339392965337503,0.01493984590337532,0.0,0.01050420168067227,A_to_B_resampling
r1,gsm8k,complete_plurality_correct,harm,all_seeds,3,400,0.0,728.0,0.0,0.0,0.005249031432141515,0.0,0.0,A_to_C_combined
r1,gsm8k,complete_plurality_correct,harm,leave_out:42,2,400,0.0,479.0,0.0,0.0,0.007955942370973308,0.0,0.0,A_to_C_combined
r1,gsm8k,complete_plurality_correct,harm,leave_out:314159,2,400,0.0,487.0,0.0,0.0,0.00782627211222885,0.0,0.0,A_to_C_combined
r1,gsm8k,complete_plurality_correct,harm,leave_out:271828,2,400,0.0,490.0,0.0,0.0,0.0077787288857189595,0.0,0.0,A_to_C_combined
r1,gsm8k,complete_plurality_correct,certain_harm,all_seeds,3,400,0.0,728.0,0.0,0.0,0.005249031432141515,0.0,0.0,A_to_C_combined
r1,gsm8k,complete_plurality_correct,certain_harm,leave_out:42,2,400,0.0,479.0,0.0,0.0,0.007955942370973308,0.0,0.0,A_to_C_combined
r1,gsm8k,complete_plurality_correct,certain_harm,leave_out:314159,2,400,0.0,487.0,0.0,0.0,0.00782627211222885,0.0,0.0,A_to_C_combined
r1,gsm8k,complete_plurality_correct,certain_harm,leave_out:271828,2,400,0.0,490.0,0.0,0.0,0.0077787288857189595,0.0,0.0,A_to_C_combined
r1,gsm8k,complete_plurality_correct,possible_harm,all_seeds,3,400,0.0,728.0,0.0,0.0,0.005249031432141515,0.0,0.0,A_to_C_combined
r1,gsm8k,complete_plurality_correct,possible_harm,leave_out:42,2,400,0.0,479.0,0.0,0.0,0.007955942370973308,0.0,0.0,A_to_C_combined
r1,gsm8k,complete_plurality_correct,possible_harm,leave_out:314159,2,400,0.0,487.0,0.0,0.0,0.00782627211222885,0.0,0.0,A_to_C_combined
r1,gsm8k,complete_plurality_correct,possible_harm,leave_out:271828,2,400,0.0,490.0,0.0,0.0,0.0077787288857189595,0.0,0.0,A_to_C_combined
r1,gsm8k,complete_all_correct,harm,all_seeds,3,400,0.0,717.0,0.0,4.336808689942018e-19,0.00532913135570587,0.0,0.0,A_to_C_combined
r1,gsm8k,complete_all_correct,harm,leave_out:42,2,400,0.0,472.0,0.0,0.0,0.00807298050534444,0.0,0.0,A_to_C_combined
r1,gsm8k,complete_all_correct,harm,leave_out:314159,2,400,0.0,478.0,0.0,0.0,0.007972453906511252,0.0,0.0,A_to_C_combined
r1,gsm8k,complete_all_correct,harm,leave_out:271828,2,400,0.0,484.0,0.0,0.0,0.00787440007657498,0.0,0.0,A_to_C_combined
r1,gsm8k,complete_all_correct,certain_harm,all_seeds,3,400,0.0,717.0,0.0,4.336808689942018e-19,0.00532913135570587,0.0,0.0,A_to_C_combined
r1,gsm8k,complete_all_correct,certain_harm,leave_out:42,2,400,0.0,472.0,0.0,0.0,0.00807298050534444,0.0,0.0,A_to_C_combined
r1,gsm8k,complete_all_correct,certain_harm,leave_out:314159,2,400,0.0,478.0,0.0,0.0,0.007972453906511252,0.0,0.0,A_to_C_combined
r1,gsm8k,complete_all_correct,certain_harm,leave_out:271828,2,400,0.0,484.0,0.0,0.0,0.00787440007657498,0.0,0.0,A_to_C_combined
r1,gsm8k,complete_all_correct,possible_harm,all_seeds,3,400,0.0,717.0,0.0,4.336808689942018e-19,0.00532913135570587,0.0,0.0,A_to_C_combined
r1,gsm8k,complete_all_correct,possible_harm,leave_out:42,2,400,0.0,472.0,0.0,0.0,0.00807298050534444,0.0,0.0,A_to_C_combined
r1,gsm8k,complete_all_correct,possible_harm,leave_out:314159,2,400,0.0,478.0,0.0,0.0,0.007972453906511252,0.0,0.0,A_to_C_combined
r1,gsm8k,complete_all_correct,possible_harm,leave_out:271828,2,400,0.0,484.0,0.0,0.0,0.00787440007657498,0.0,0.0,A_to_C_combined
r1,gsm8k,complete_plurality_correct,harm,all_seeds,3,400,0.0,728.0,0.0,0.0,0.005249031432141515,0.0,0.0,B_to_C_tokens
r1,gsm8k,complete_plurality_correct,harm,leave_out:42,2,400,0.0,479.0,0.0,0.0,0.007955942370973308,0.0,0.0,B_to_C_tokens
r1,gsm8k,complete_plurality_correct,harm,leave_out:314159,2,400,0.0,487.0,0.0,0.0,0.00782627211222885,0.0,0.0,B_to_C_tokens
r1,gsm8k,complete_plurality_correct,harm,leave_out:271828,2,400,0.0,490.0,0.0,0.0,0.0077787288857189595,0.0,0.0,B_to_C_tokens
r1,gsm8k,complete_plurality_correct,certain_harm,all_seeds,3,400,0.0,728.0,0.0,0.0,0.005249031432141515,0.0,0.0,B_to_C_tokens
r1,gsm8k,complete_plurality_correct,certain_harm,leave_out:42,2,400,0.0,479.0,0.0,0.0,0.007955942370973308,0.0,0.0,B_to_C_tokens
r1,gsm8k,complete_plurality_correct,certain_harm,leave_out:314159,2,400,0.0,487.0,0.0,0.0,0.00782627211222885,0.0,0.0,B_to_C_tokens
r1,gsm8k,complete_plurality_correct,certain_harm,leave_out:271828,2,400,0.0,490.0,0.0,0.0,0.0077787288857189595,0.0,0.0,B_to_C_tokens
r1,gsm8k,complete_plurality_correct,possible_harm,all_seeds,3,400,0.0,728.0,0.0,0.0,0.005249031432141515,0.0,0.0,B_to_C_tokens
r1,gsm8k,complete_plurality_correct,possible_harm,leave_out:42,2,400,0.0,479.0,0.0,0.0,0.007955942370973308,0.0,0.0,B_to_C_tokens
r1,gsm8k,complete_plurality_correct,possible_harm,leave_out:314159,2,400,0.0,487.0,0.0,0.0,0.00782627211222885,0.0,0.0,B_to_C_tokens
r1,gsm8k,complete_plurality_correct,possible_harm,leave_out:271828,2,400,0.0,490.0,0.0,0.0,0.0077787288857189595,0.0,0.0,B_to_C_tokens
r1,gsm8k,complete_all_correct,harm,all_seeds,3,400,0.0,717.0,0.0,4.336808689942018e-19,0.00532913135570587,0.0,0.0,B_to_C_tokens
r1,gsm8k,complete_all_correct,harm,leave_out:42,2,400,0.0,472.0,0.0,0.0,0.00807298050534444,0.0,0.0,B_to_C_tokens
r1,gsm8k,complete_all_correct,harm,leave_out:314159,2,400,0.0,478.0,0.0,0.0,0.007972453906511252,0.0,0.0,B_to_C_tokens
r1,gsm8k,complete_all_correct,harm,leave_out:271828,2,400,0.0,484.0,0.0,0.0,0.00787440007657498,0.0,0.0,B_to_C_tokens
r1,gsm8k,complete_all_correct,certain_harm,all_seeds,3,400,0.0,717.0,0.0,4.336808689942018e-19,0.00532913135570587,0.0,0.0,B_to_C_tokens
r1,gsm8k,complete_all_correct,certain_harm,leave_out:42,2,400,0.0,472.0,0.0,0.0,0.00807298050534444,0.0,0.0,B_to_C_tokens
r1,gsm8k,complete_all_correct,certain_harm,leave_out:314159,2,400,0.0,478.0,0.0,0.0,0.007972453906511252,0.0,0.0,B_to_C_tokens
r1,gsm8k,complete_all_correct,certain_harm,leave_out:271828,2,400,0.0,484.0,0.0,0.0,0.00787440007657498,0.0,0.0,B_to_C_tokens
r1,gsm8k,complete_all_correct,possible_harm,all_seeds,3,400,0.0,717.0,0.0,4.336808689942018e-19,0.00532913135570587,0.0,0.0,B_to_C_tokens
r1,gsm8k,complete_all_correct,possible_harm,leave_out:42,2,400,0.0,472.0,0.0,0.0,0.00807298050534444,0.0,0.0,B_to_C_tokens
r1,gsm8k,complete_all_correct,possible_harm,leave_out:314159,2,400,0.0,478.0,0.0,0.0,0.007972453906511252,0.0,0.0,B_to_C_tokens
r1,gsm8k,complete_all_correct,possible_harm,leave_out:271828,2,400,0.0,484.0,0.0,0.0,0.00787440007657498,0.0,0.0,B_to_C_tokens
r1,math,complete_plurality_correct,harm,all_seeds,3,400,0.0,243.0,0.0,0.0,0.015562453888609383,0.0,0.0,A_to_B_resampling
r1,math,complete_plurality_correct,harm,leave_out:42,2,400,0.0,161.0,0.0,0.0,0.023303960351823024,0.0,0.0,A_to_B_resampling
r1,math,complete_plurality_correct,harm,leave_out:314159,2,400,0.0,164.0,0.0,0.0,0.02288742511942757,0.0,0.0,A_to_B_resampling
r1,math,complete_plurality_correct,harm,leave_out:271828,2,400,0.0,161.0,0.0,0.0,0.023303960351823024,0.0,0.0,A_to_B_resampling
r1,math,complete_plurality_correct,certain_harm,all_seeds,3,400,0.0,243.0,0.0,0.0,0.015562453888609383,0.0,0.0,A_to_B_resampling
r1,math,complete_plurality_correct,certain_harm,leave_out:42,2,400,0.0,161.0,0.0,0.0,0.023303960351823024,0.0,0.0,A_to_B_resampling
r1,math,complete_plurality_correct,certain_harm,leave_out:314159,2,400,0.0,164.0,0.0,0.0,0.02288742511942757,0.0,0.0,A_to_B_resampling
r1,math,complete_plurality_correct,certain_harm,leave_out:271828,2,400,0.0,161.0,0.0,0.0,0.023303960351823024,0.0,0.0,A_to_B_resampling
r1,math,complete_plurality_correct,possible_harm,all_seeds,3,400,0.0,243.0,0.0,0.0,0.015562453888609383,0.0,0.0,A_to_B_resampling
r1,math,complete_plurality_correct,possible_harm,leave_out:42,2,400,0.0,161.0,0.0,0.0,0.023303960351823024,0.0,0.0,A_to_B_resampling
r1,math,complete_plurality_correct,possible_harm,leave_out:314159,2,400,0.0,164.0,0.0,0.0,0.02288742511942757,0.0,0.0,A_to_B_resampling
r1,math,complete_plurality_correct,possible_harm,leave_out:271828,2,400,0.0,161.0,0.0,0.0,0.023303960351823024,0.0,0.0,A_to_B_resampling
r1,math,complete_all_correct,harm,all_seeds,3,400,0.0,243.0,0.0,0.0,0.015562453888609383,0.0,0.0,A_to_B_resampling
r1,math,complete_all_correct,harm,leave_out:42,2,400,0.0,161.0,0.0,0.0,0.023303960351823024,0.0,0.0,A_to_B_resampling
r1,math,complete_all_correct,harm,leave_out:314159,2,400,0.0,164.0,0.0,0.0,0.02288742511942757,0.0,0.0,A_to_B_resampling
r1,math,complete_all_correct,harm,leave_out:271828,2,400,0.0,161.0,0.0,0.0,0.023303960351823024,0.0,0.0,A_to_B_resampling
r1,math,complete_all_correct,certain_harm,all_seeds,3,400,0.0,243.0,0.0,0.0,0.015562453888609383,0.0,0.0,A_to_B_resampling
r1,math,complete_all_correct,certain_harm,leave_out:42,2,400,0.0,161.0,0.0,0.0,0.023303960351823024,0.0,0.0,A_to_B_resampling
r1,math,complete_all_correct,certain_harm,leave_out:314159,2,400,0.0,164.0,0.0,0.0,0.02288742511942757,0.0,0.0,A_to_B_resampling
r1,math,complete_all_correct,certain_harm,leave_out:271828,2,400,0.0,161.0,0.0,0.0,0.023303960351823024,0.0,0.0,A_to_B_resampling
r1,math,complete_all_correct,possible_harm,all_seeds,3,400,0.0,243.0,0.0,0.0,0.015562453888609383,0.0,0.0,A_to_B_resampling
r1,math,complete_all_correct,possible_harm,leave_out:42,2,400,0.0,161.0,0.0,0.0,0.023303960351823024,0.0,0.0,A_to_B_resampling
r1,math,complete_all_correct,possible_harm,leave_out:314159,2,400,0.0,164.0,0.0,0.0,0.02288742511942757,0.0,0.0,A_to_B_resampling
r1,math,complete_all_correct,possible_harm,leave_out:271828,2,400,0.0,161.0,0.0,0.0,0.023303960351823024,0.0,0.0,A_to_B_resampling
r1,math,complete_plurality_correct,harm,all_seeds,3,400,0.0,243.0,0.0,0.0,0.015562453888609383,0.0,0.0,A_to_C_combined
r1,math,complete_plurality_correct,harm,leave_out:42,2,400,0.0,161.0,0.0,0.0,0.023303960351823024,0.0,0.0,A_to_C_combined
r1,math,complete_plurality_correct,harm,leave_out:314159,2,400,0.0,164.0,0.0,0.0,0.02288742511942757,0.0,0.0,A_to_C_combined
r1,math,complete_plurality_correct,harm,leave_out:271828,2,400,0.0,161.0,0.0,0.0,0.023303960351823024,0.0,0.0,A_to_C_combined
r1,math,complete_plurality_correct,certain_harm,all_seeds,3,400,0.0,243.0,0.0,0.0,0.015562453888609383,0.0,0.0,A_to_C_combined
r1,math,complete_plurality_correct,certain_harm,leave_out:42,2,400,0.0,161.0,0.0,0.0,0.023303960351823024,0.0,0.0,A_to_C_combined
r1,math,complete_plurality_correct,certain_harm,leave_out:314159,2,400,0.0,164.0,0.0,0.0,0.02288742511942757,0.0,0.0,A_to_C_combined
r1,math,complete_plurality_correct,certain_harm,leave_out:271828,2,400,0.0,161.0,0.0,0.0,0.023303960351823024,0.0,0.0,A_to_C_combined
r1,math,complete_plurality_correct,possible_harm,all_seeds,3,400,0.0,243.0,0.0,0.0,0.015562453888609383,0.0,0.0,A_to_C_combined
r1,math,complete_plurality_correct,possible_harm,leave_out:42,2,400,0.0,161.0,0.0,0.0,0.023303960351823024,0.0,0.0,A_to_C_combined
r1,math,complete_plurality_correct,possible_harm,leave_out:314159,2,400,0.0,164.0,0.0,0.0,0.02288742511942757,0.0,0.0,A_to_C_combined
r1,math,complete_plurality_correct,possible_harm,leave_out:271828,2,400,0.0,161.0,0.0,0.0,0.023303960351823024,0.0,0.0,A_to_C_combined
r1,math,complete_all_correct,harm,all_seeds,3,400,0.0,243.0,0.0,0.0,0.015562453888609383,0.0,0.0,A_to_C_combined
r1,math,complete_all_correct,harm,leave_out:42,2,400,0.0,161.0,0.0,0.0,0.023303960351823024,0.0,0.0,A_to_C_combined
r1,math,complete_all_correct,harm,leave_out:314159,2,400,0.0,164.0,0.0,0.0,0.02288742511942757,0.0,0.0,A_to_C_combined
r1,math,complete_all_correct,harm,leave_out:271828,2,400,0.0,161.0,0.0,0.0,0.023303960351823024,0.0,0.0,A_to_C_combined
r1,math,complete_all_correct,certain_harm,all_seeds,3,400,0.0,243.0,0.0,0.0,0.015562453888609383,0.0,0.0,A_to_C_combined
r1,math,complete_all_correct,certain_harm,leave_out:42,2,400,0.0,161.0,0.0,0.0,0.023303960351823024,0.0,0.0,A_to_C_combined
r1,math,complete_all_correct,certain_harm,leave_out:314159,2,400,0.0,164.0,0.0,0.0,0.02288742511942757,0.0,0.0,A_to_C_combined
r1,math,complete_all_correct,certain_harm,leave_out:271828,2,400,0.0,161.0,0.0,0.0,0.023303960351823024,0.0,0.0,A_to_C_combined
r1,math,complete_all_correct,possible_harm,all_seeds,3,400,0.0,243.0,0.0,0.0,0.015562453888609383,0.0,0.0,A_to_C_combined
r1,math,complete_all_correct,possible_harm,leave_out:42,2,400,0.0,161.0,0.0,0.0,0.023303960351823024,0.0,0.0,A_to_C_combined
r1,math,complete_all_correct,possible_harm,leave_out:314159,2,400,0.0,164.0,0.0,0.0,0.02288742511942757,0.0,0.0,A_to_C_combined
r1,math,complete_all_correct,possible_harm,leave_out:271828,2,400,0.0,161.0,0.0,0.0,0.023303960351823024,0.0,0.0,A_to_C_combined
r1,math,complete_plurality_correct,harm,all_seeds,3,400,0.0,243.0,0.0,0.0,0.015562453888609383,0.0,0.0,B_to_C_tokens
r1,math,complete_plurality_correct,harm,leave_out:42,2,400,0.0,161.0,0.0,0.0,0.023303960351823024,0.0,0.0,B_to_C_tokens
r1,math,complete_plurality_correct,harm,leave_out:314159,2,400,0.0,164.0,0.0,0.0,0.02288742511942757,0.0,0.0,B_to_C_tokens
r1,math,complete_plurality_correct,harm,leave_out:271828,2,400,0.0,161.0,0.0,0.0,0.023303960351823024,0.0,0.0,B_to_C_tokens
r1,math,complete_plurality_correct,certain_harm,all_seeds,3,400,0.0,243.0,0.0,0.0,0.015562453888609383,0.0,0.0,B_to_C_tokens
r1,math,complete_plurality_correct,certain_harm,leave_out:42,2,400,0.0,161.0,0.0,0.0,0.023303960351823024,0.0,0.0,B_to_C_tokens
r1,math,complete_plurality_correct,certain_harm,leave_out:314159,2,400,0.0,164.0,0.0,0.0,0.02288742511942757,0.0,0.0,B_to_C_tokens
r1,math,complete_plurality_correct,certain_harm,leave_out:271828,2,400,0.0,161.0,0.0,0.0,0.023303960351823024,0.0,0.0,B_to_C_tokens
r1,math,complete_plurality_correct,possible_harm,all_seeds,3,400,0.0,243.0,0.0,0.0,0.015562453888609383,0.0,0.0,B_to_C_tokens
r1,math,complete_plurality_correct,possible_harm,leave_out:42,2,400,0.0,161.0,0.0,0.0,0.023303960351823024,0.0,0.0,B_to_C_tokens
r1,math,complete_plurality_correct,possible_harm,leave_out:314159,2,400,0.0,164.0,0.0,0.0,0.02288742511942757,0.0,0.0,B_to_C_tokens
r1,math,complete_plurality_correct,possible_harm,leave_out:271828,2,400,0.0,161.0,0.0,0.0,0.023303960351823024,0.0,0.0,B_to_C_tokens
r1,math,complete_all_correct,harm,all_seeds,3,400,0.0,243.0,0.0,0.0,0.015562453888609383,0.0,0.0,B_to_C_tokens
r1,math,complete_all_correct,harm,leave_out:42,2,400,0.0,161.0,0.0,0.0,0.023303960351823024,0.0,0.0,B_to_C_tokens
r1,math,complete_all_correct,harm,leave_out:314159,2,400,0.0,164.0,0.0,0.0,0.02288742511942757,0.0,0.0,B_to_C_tokens
r1,math,complete_all_correct,harm,leave_out:271828,2,400,0.0,161.0,0.0,0.0,0.023303960351823024,0.0,0.0,B_to_C_tokens
r1,math,complete_all_correct,certain_harm,all_seeds,3,400,0.0,243.0,0.0,0.0,0.015562453888609383,0.0,0.0,B_to_C_tokens
r1,math,complete_all_correct,certain_harm,leave_out:42,2,400,0.0,161.0,0.0,0.0,0.023303960351823024,0.0,0.0,B_to_C_tokens
r1,math,complete_all_correct,certain_harm,leave_out:314159,2,400,0.0,164.0,0.0,0.0,0.02288742511942757,0.0,0.0,B_to_C_tokens
r1,math,complete_all_correct,certain_harm,leave_out:271828,2,400,0.0,161.0,0.0,0.0,0.023303960351823024,0.0,0.0,B_to_C_tokens
r1,math,complete_all_correct,possible_harm,all_seeds,3,400,0.0,243.0,0.0,0.0,0.015562453888609383,0.0,0.0,B_to_C_tokens
r1,math,complete_all_correct,possible_harm,leave_out:42,2,400,0.0,161.0,0.0,0.0,0.023303960351823024,0.0,0.0,B_to_C_tokens
r1,math,complete_all_correct,possible_harm,leave_out:314159,2,400,0.0,164.0,0.0,0.0,0.02288742511942757,0.0,0.0,B_to_C_tokens
r1,math,complete_all_correct,possible_harm,leave_out:271828,2,400,0.0,161.0,0.0,0.0,0.023303960351823024,0.0,0.0,B_to_C_tokens
