model,dataset,definition,outcome,scope,n_seeds,n_problems,numerator_count,denominator_count,estimate,binomial_wilson95_lower,binomial_wilson95_upper,cluster_ci95_lower,cluster_ci95_upper
qwen,all,unconditional,base_plurality_accuracy,all_seeds,3,800,2075.0,2400.0,0.8645833333333334,0.8503099281800628,0.8776914937017848,0.8408333333333334,0.8870833333333333
qwen,all,unconditional,base_plurality_accuracy,leave_out:42,2,800,1386.0,1600.0,0.86625,0.8486911910596285,0.8820543533670459,0.8425,0.88875
qwen,all,unconditional,base_plurality_accuracy,leave_out:314159,2,800,1379.0,1600.0,0.861875,0.8441000644701007,0.8779164376170059,0.838125,0.8843906249999998
qwen,all,unconditional,base_plurality_accuracy,leave_out:271828,2,800,1385.0,1600.0,0.865625,0.8480349602062153,0.8814635781719496,0.841875,0.888125
qwen,all,unconditional,extended_plurality_accuracy,all_seeds,3,800,2168.0,2400.0,0.9033333333333333,0.8908582870630344,0.914519285944541,0.8825,0.9229166666666666
qwen,all,unconditional,extended_plurality_accuracy,leave_out:42,2,800,1444.0,1600.0,0.9025,0.8869864248735814,0.9160854703666547,0.881875,0.9225
qwen,all,unconditional,extended_plurality_accuracy,leave_out:314159,2,800,1443.0,1600.0,0.901875,0.8863216989695467,0.9155031902221799,0.88125,0.92125
qwen,all,unconditional,extended_plurality_accuracy,leave_out:271828,2,800,1449.0,1600.0,0.905625,0.8903128078684301,0.9189941176143546,0.885,0.925625
qwen,all,unconditional,base_pass_at_1,all_seeds,3,800,1964.875,2400.0,0.8186979166666667,,,0.7935924479166666,0.8422408854166666
qwen,all,unconditional,base_pass_at_1,leave_out:42,2,800,1312.625,1600.0,0.820390625,,,0.79546875,0.84390625
qwen,all,unconditional,base_pass_at_1,leave_out:314159,2,800,1308.75,1600.0,0.81796875,,,0.792888671875,0.841953125
qwen,all,unconditional,base_pass_at_1,leave_out:271828,2,800,1308.375,1600.0,0.817734375,,,0.79265625,0.841484375
qwen,all,unconditional,extended_pass_at_1,all_seeds,3,800,2083.25,2400.0,0.8680208333333334,,,0.8470833333333333,0.8882304687499999
qwen,all,unconditional,extended_pass_at_1,leave_out:42,2,800,1390.25,1600.0,0.86890625,,,0.8479667968750001,0.889375
qwen,all,unconditional,extended_pass_at_1,leave_out:314159,2,800,1387.5,1600.0,0.8671875,,,0.8459375,0.8875
qwen,all,unconditional,extended_pass_at_1,leave_out:271828,2,800,1388.75,1600.0,0.86796875,,,0.8470292968750001,0.888046875
qwen,gsm8k,unconditional,base_plurality_accuracy,all_seeds,3,400,1169.0,1200.0,0.9741666666666666,0.9635654763400676,0.9817417247550053,0.9583333333333335,0.9875
qwen,gsm8k,unconditional,base_plurality_accuracy,leave_out:42,2,400,779.0,800.0,0.97375,0.9602042425304217,0.9827677722647005,0.95875,0.9875
qwen,gsm8k,unconditional,base_plurality_accuracy,leave_out:314159,2,400,779.0,800.0,0.97375,0.9602042425304217,0.9827677722647005,0.9575,0.9875
qwen,gsm8k,unconditional,base_plurality_accuracy,leave_out:271828,2,400,780.0,800.0,0.975,0.9617010785457062,0.9837589890589017,0.95875,0.98875
qwen,gsm8k,unconditional,extended_plurality_accuracy,all_seeds,3,400,1169.0,1200.0,0.9741666666666666,0.9635654763400676,0.9817417247550053,0.9583333333333335,0.9875
qwen,gsm8k,unconditional,extended_plurality_accuracy,leave_out:42,2,400,779.0,800.0,0.97375,0.9602042425304217,0.9827677722647005,0.95875,0.9875
qwen,gsm8k,unconditional,extended_plurality_accuracy,leave_out:314159,2,400,779.0,800.0,0.97375,0.9602042425304217,0.9827677722647005,0.9575,0.9875
qwen,gsm8k,unconditional,extended_plurality_accuracy,leave_out:271828,2,400,780.0,800.0,0.975,0.9617010785457062,0.9837589890589017,0.95875,0.98875
qwen,gsm8k,unconditional,base_pass_at_1,all_seeds,3,400,1151.75,1200.0,0.9597916666666667,,,0.943125,0.9742708333333334
qwen,gsm8k,unconditional,base_pass_at_1,leave_out:42,2,400,768.875,800.0,0.96109375,,,0.9446875,0.97546875
qwen,gsm8k,unconditional,base_pass_at_1,leave_out:314159,2,400,766.625,800.0,0.95828125,,,0.94140625,0.973125
qwen,gsm8k,unconditional,base_pass_at_1,leave_out:271828,2,400,768.0,800.0,0.96,,,0.943125,0.9746875
qwen,gsm8k,unconditional,extended_pass_at_1,all_seeds,3,400,1152.0,1200.0,0.96,,,0.9433333333333335,0.9744791666666666
qwen,gsm8k,unconditional,extended_pass_at_1,leave_out:42,2,400,768.875,800.0,0.96109375,,,0.94453125,0.97546875
qwen,gsm8k,unconditional,extended_pass_at_1,leave_out:314159,2,400,766.875,800.0,0.95859375,,,0.94187109375,0.9734414062499999
qwen,gsm8k,unconditional,extended_pass_at_1,leave_out:271828,2,400,768.25,800.0,0.9603125,,,0.94358984375,0.9748476562499999
qwen,math,unconditional,base_plurality_accuracy,all_seeds,3,400,906.0,1200.0,0.755,0.729877501117118,0.7784950885754872,0.7149791666666666,0.795
qwen,math,unconditional,base_plurality_accuracy,leave_out:42,2,400,607.0,800.0,0.75875,0.7279111881780606,0.7871157433855022,0.7175,0.79875
qwen,math,unconditional,base_plurality_accuracy,leave_out:314159,2,400,600.0,800.0,0.75,0.71884753333338,0.778763028563782,0.70875,0.79
qwen,math,unconditional,base_plurality_accuracy,leave_out:271828,2,400,605.0,800.0,0.75625,0.7253198875778818,0.7847309383667093,0.715,0.79625
qwen,math,unconditional,extended_plurality_accuracy,all_seeds,3,400,999.0,1200.0,0.8325,0.8103181299204655,0.8525598546787158,0.7966666666666665,0.8666666666666667
qwen,math,unconditional,extended_plurality_accuracy,leave_out:42,2,400,665.0,800.0,0.83125,0.8037275429364357,0.8556064515773041,0.795,0.86625
qwen,math,unconditional,extended_plurality_accuracy,leave_out:314159,2,400,664.0,800.0,0.83,0.8024078511415792,0.8544380905626746,0.79375,0.865
qwen,math,unconditional,extended_plurality_accuracy,leave_out:271828,2,400,669.0,800.0,0.83625,0.8090114425357793,0.8602747632159038,0.8,0.87
qwen,math,unconditional,base_pass_at_1,all_seeds,3,400,813.125,1200.0,0.6776041666666667,,,0.6372890625,0.7185416666666665
qwen,math,unconditional,base_pass_at_1,leave_out:42,2,400,543.75,800.0,0.6796875,,,0.6390625,0.7200039062499999
qwen,math,unconditional,base_pass_at_1,leave_out:314159,2,400,542.125,800.0,0.67765625,,,0.63671875,0.71875
qwen,math,unconditional,base_pass_at_1,leave_out:271828,2,400,540.375,800.0,0.67546875,,,0.63499609375,0.71640625
qwen,math,unconditional,extended_pass_at_1,all_seeds,3,400,931.25,1200.0,0.7760416666666666,,,0.7404166666666667,0.8108333333333333
qwen,math,unconditional,extended_pass_at_1,leave_out:42,2,400,621.375,800.0,0.77671875,,,0.74109375,0.8115625
qwen,math,unconditional,extended_pass_at_1,leave_out:314159,2,400,620.625,800.0,0.77578125,,,0.7401523437499999,0.81078125
qwen,math,unconditional,extended_pass_at_1,leave_out:271828,2,400,620.5,800.0,0.775625,,,0.73999609375,0.81015625
qwen,all,strict_all_wrong,repair_plurality,all_seeds,3,800,0.0,50.0,0.0,0.0,0.07134759913335868,0.0,0.0
qwen,all,strict_all_wrong,repair_plurality,leave_out:42,2,800,0.0,34.0,0.0,6.938893903907228e-18,0.10151455415332375,0.0,0.0
qwen,all,strict_all_wrong,repair_plurality,leave_out:314159,2,800,0.0,34.0,0.0,6.938893903907228e-18,0.10151455415332375,0.0,0.0
qwen,all,strict_all_wrong,repair_plurality,leave_out:271828,2,800,0.0,32.0,0.0,0.0,0.10717919825507058,0.0,0.0
qwen,all,strict_all_wrong,repair_any,all_seeds,3,800,0.0,50.0,0.0,0.0,0.07134759913335868,0.0,0.0
qwen,all,strict_all_wrong,repair_any,leave_out:42,2,800,0.0,34.0,0.0,6.938893903907228e-18,0.10151455415332375,0.0,0.0
qwen,all,strict_all_wrong,repair_any,leave_out:314159,2,800,0.0,34.0,0.0,6.938893903907228e-18,0.10151455415332375,0.0,0.0
qwen,all,strict_all_wrong,repair_any,leave_out:271828,2,800,0.0,32.0,0.0,0.0,0.10717919825507058,0.0,0.0
qwen,all,strict_all_wrong,repair_tie_lower,all_seeds,3,800,0.0,50.0,0.0,0.0,0.07134759913335868,0.0,0.0
qwen,all,strict_all_wrong,repair_tie_lower,leave_out:42,2,800,0.0,34.0,0.0,6.938893903907228e-18,0.10151455415332375,0.0,0.0
qwen,all,strict_all_wrong,repair_tie_lower,leave_out:314159,2,800,0.0,34.0,0.0,6.938893903907228e-18,0.10151455415332375,0.0,0.0
qwen,all,strict_all_wrong,repair_tie_lower,leave_out:271828,2,800,0.0,32.0,0.0,0.0,0.10717919825507058,0.0,0.0
qwen,all,strict_all_wrong,repair_tie_upper,all_seeds,3,800,0.0,50.0,0.0,0.0,0.07134759913335868,0.0,0.0
qwen,all,strict_all_wrong,repair_tie_upper,leave_out:42,2,800,0.0,34.0,0.0,6.938893903907228e-18,0.10151455415332375,0.0,0.0
qwen,all,strict_all_wrong,repair_tie_upper,leave_out:314159,2,800,0.0,34.0,0.0,6.938893903907228e-18,0.10151455415332375,0.0,0.0
qwen,all,strict_all_wrong,repair_tie_upper,leave_out:271828,2,800,0.0,32.0,0.0,0.0,0.10717919825507058,0.0,0.0
qwen,all,plurality_wrong,repair_plurality,all_seeds,3,800,0.0,62.0,0.0,0.0,0.058344072101372456,0.0,0.0
qwen,all,plurality_wrong,repair_plurality,leave_out:42,2,800,0.0,41.0,0.0,0.0,0.08566757018443184,0.0,0.0
qwen,all,plurality_wrong,repair_plurality,leave_out:314159,2,800,0.0,44.0,0.0,0.0,0.08029560375848063,0.0,0.0
qwen,all,plurality_wrong,repair_plurality,leave_out:271828,2,800,0.0,39.0,0.0,0.0,0.08966685370757138,0.0,0.0
qwen,all,plurality_wrong,repair_any,all_seeds,3,800,0.0,62.0,0.0,0.0,0.058344072101372456,0.0,0.0
qwen,all,plurality_wrong,repair_any,leave_out:42,2,800,0.0,41.0,0.0,0.0,0.08566757018443184,0.0,0.0
qwen,all,plurality_wrong,repair_any,leave_out:314159,2,800,0.0,44.0,0.0,0.0,0.08029560375848063,0.0,0.0
qwen,all,plurality_wrong,repair_any,leave_out:271828,2,800,0.0,39.0,0.0,0.0,0.08966685370757138,0.0,0.0
qwen,all,plurality_wrong,repair_tie_lower,all_seeds,3,800,0.0,62.0,0.0,0.0,0.058344072101372456,0.0,0.0
qwen,all,plurality_wrong,repair_tie_lower,leave_out:42,2,800,0.0,41.0,0.0,0.0,0.08566757018443184,0.0,0.0
qwen,all,plurality_wrong,repair_tie_lower,leave_out:314159,2,800,0.0,44.0,0.0,0.0,0.08029560375848063,0.0,0.0
qwen,all,plurality_wrong,repair_tie_lower,leave_out:271828,2,800,0.0,39.0,0.0,0.0,0.08966685370757138,0.0,0.0
qwen,all,plurality_wrong,repair_tie_upper,all_seeds,3,800,1.0,62.0,0.016129032258064516,0.00285286716862182,0.08586720260689991,0.0,0.057692307692307696
qwen,all,plurality_wrong,repair_tie_upper,leave_out:42,2,800,1.0,41.0,0.024390243902439025,0.004318531568912411,0.12595062055774228,0.0,0.08571428571428572
qwen,all,plurality_wrong,repair_tie_upper,leave_out:314159,2,800,1.0,44.0,0.022727272727272728,0.004023252060053231,0.11807709698213281,0.0,0.08
qwen,all,plurality_wrong,repair_tie_upper,leave_out:271828,2,800,0.0,39.0,0.0,0.0,0.08966685370757138,0.0,0.0
qwen,all,first_chain_wrong,repair_plurality,all_seeds,3,800,40.0,139.0,0.28776978417266186,0.21901556271223302,0.36793908975976763,0.19736121782558588,0.392864774114774
qwen,all,first_chain_wrong,repair_plurality,leave_out:42,2,800,23.0,89.0,0.25842696629213485,0.17881543486130383,0.3580294128371103,0.16216216216216217,0.37037037037037035
qwen,all,first_chain_wrong,repair_plurality,leave_out:314159,2,800,26.0,93.0,0.27956989247311825,0.19850339172000359,0.3781242169582882,0.18556701030927836,0.3888888888888889
qwen,all,first_chain_wrong,repair_plurality,leave_out:271828,2,800,31.0,96.0,0.3229166666666667,0.23775841402236636,0.4217016900105605,0.21495327102803738,0.4418665850673194
qwen,all,first_chain_wrong,repair_any,all_seeds,3,800,57.0,139.0,0.41007194244604317,0.33179557565086976,0.49318520929489323,0.304,0.5298507462686567
qwen,all,first_chain_wrong,repair_any,leave_out:42,2,800,35.0,89.0,0.39325842696629215,0.2982154443824812,0.497134604600539,0.27835051546391754,0.5217391304347826
qwen,all,first_chain_wrong,repair_any,leave_out:314159,2,800,40.0,93.0,0.43010752688172044,0.3342352296059101,0.5315247438774507,0.31577761972498813,0.5543478260869565
qwen,all,first_chain_wrong,repair_any,leave_out:271828,2,800,39.0,96.0,0.40625,0.31345302166501676,0.5062611510582975,0.28865979381443296,0.5333333333333333
qwen,all,first_chain_wrong,repair_tie_lower,all_seeds,3,800,37.0,139.0,0.26618705035971224,0.19972461965434832,0.3452254212046355,0.1811579938377268,0.3673544417767106
qwen,all,first_chain_wrong,repair_tie_lower,leave_out:42,2,800,22.0,89.0,0.24719101123595505,0.16928236444786657,0.34602038314349703,0.1506849315068493,0.358974358974359
qwen,all,first_chain_wrong,repair_tie_lower,leave_out:314159,2,800,24.0,93.0,0.25806451612903225,0.1799852217103694,0.35533776342434115,0.16666666666666666,0.3627673796791441
qwen,all,first_chain_wrong,repair_tie_lower,leave_out:271828,2,800,28.0,96.0,0.2916666666666667,0.21016592525216699,0.3891989030218646,0.1927710843373494,0.40229885057471265
qwen,all,first_chain_wrong,repair_tie_upper,all_seeds,3,800,40.0,139.0,0.28776978417266186,0.21901556271223302,0.36793908975976763,0.19736121782558588,0.392864774114774
qwen,all,first_chain_wrong,repair_tie_upper,leave_out:42,2,800,23.0,89.0,0.25842696629213485,0.17881543486130383,0.3580294128371103,0.16216216216216217,0.37037037037037035
qwen,all,first_chain_wrong,repair_tie_upper,leave_out:314159,2,800,26.0,93.0,0.27956989247311825,0.19850339172000359,0.3781242169582882,0.18556701030927836,0.3888888888888889
qwen,all,first_chain_wrong,repair_tie_upper,leave_out:271828,2,800,31.0,96.0,0.3229166666666667,0.23775841402236636,0.4217016900105605,0.21495327102803738,0.4418665850673194
qwen,gsm8k,strict_all_wrong,repair_plurality,all_seeds,3,400,0.0,14.0,0.0,0.0,0.21531080273763575,0.0,0.0
qwen,gsm8k,strict_all_wrong,repair_plurality,leave_out:42,2,400,0.0,11.0,0.0,0.0,0.25883296696803165,0.0,0.0
qwen,gsm8k,strict_all_wrong,repair_plurality,leave_out:314159,2,400,0.0,9.0,0.0,0.0,0.299145048419544,0.0,0.0
qwen,gsm8k,strict_all_wrong,repair_plurality,leave_out:271828,2,400,0.0,8.0,0.0,0.0,0.3244075648838801,0.0,0.0
qwen,gsm8k,strict_all_wrong,repair_any,all_seeds,3,400,0.0,14.0,0.0,0.0,0.21531080273763575,0.0,0.0
qwen,gsm8k,strict_all_wrong,repair_any,leave_out:42,2,400,0.0,11.0,0.0,0.0,0.25883296696803165,0.0,0.0
qwen,gsm8k,strict_all_wrong,repair_any,leave_out:314159,2,400,0.0,9.0,0.0,0.0,0.299145048419544,0.0,0.0
qwen,gsm8k,strict_all_wrong,repair_any,leave_out:271828,2,400,0.0,8.0,0.0,0.0,0.3244075648838801,0.0,0.0
qwen,gsm8k,strict_all_wrong,repair_tie_lower,all_seeds,3,400,0.0,14.0,0.0,0.0,0.21531080273763575,0.0,0.0
qwen,gsm8k,strict_all_wrong,repair_tie_lower,leave_out:42,2,400,0.0,11.0,0.0,0.0,0.25883296696803165,0.0,0.0
qwen,gsm8k,strict_all_wrong,repair_tie_lower,leave_out:314159,2,400,0.0,9.0,0.0,0.0,0.299145048419544,0.0,0.0
qwen,gsm8k,strict_all_wrong,repair_tie_lower,leave_out:271828,2,400,0.0,8.0,0.0,0.0,0.3244075648838801,0.0,0.0
qwen,gsm8k,strict_all_wrong,repair_tie_upper,all_seeds,3,400,0.0,14.0,0.0,0.0,0.21531080273763575,0.0,0.0
qwen,gsm8k,strict_all_wrong,repair_tie_upper,leave_out:42,2,400,0.0,11.0,0.0,0.0,0.25883296696803165,0.0,0.0
qwen,gsm8k,strict_all_wrong,repair_tie_upper,leave_out:314159,2,400,0.0,9.0,0.0,0.0,0.299145048419544,0.0,0.0
qwen,gsm8k,strict_all_wrong,repair_tie_upper,leave_out:271828,2,400,0.0,8.0,0.0,0.0,0.3244075648838801,0.0,0.0
qwen,gsm8k,plurality_wrong,repair_plurality,all_seeds,3,400,0.0,20.0,0.0,1.3877787807814457e-17,0.1611251580528193,0.0,0.0
qwen,gsm8k,plurality_wrong,repair_plurality,leave_out:42,2,400,0.0,15.0,0.0,0.0,0.20388330103584854,0.0,0.0
qwen,gsm8k,plurality_wrong,repair_plurality,leave_out:314159,2,400,0.0,14.0,0.0,0.0,0.21531080273763575,0.0,0.0
qwen,gsm8k,plurality_wrong,repair_plurality,leave_out:271828,2,400,0.0,11.0,0.0,0.0,0.25883296696803165,0.0,0.0
qwen,gsm8k,plurality_wrong,repair_any,all_seeds,3,400,0.0,20.0,0.0,1.3877787807814457e-17,0.1611251580528193,0.0,0.0
qwen,gsm8k,plurality_wrong,repair_any,leave_out:42,2,400,0.0,15.0,0.0,0.0,0.20388330103584854,0.0,0.0
qwen,gsm8k,plurality_wrong,repair_any,leave_out:314159,2,400,0.0,14.0,0.0,0.0,0.21531080273763575,0.0,0.0
qwen,gsm8k,plurality_wrong,repair_any,leave_out:271828,2,400,0.0,11.0,0.0,0.0,0.25883296696803165,0.0,0.0
qwen,gsm8k,plurality_wrong,repair_tie_lower,all_seeds,3,400,0.0,20.0,0.0,1.3877787807814457e-17,0.1611251580528193,0.0,0.0
qwen,gsm8k,plurality_wrong,repair_tie_lower,leave_out:42,2,400,0.0,15.0,0.0,0.0,0.20388330103584854,0.0,0.0
qwen,gsm8k,plurality_wrong,repair_tie_lower,leave_out:314159,2,400,0.0,14.0,0.0,0.0,0.21531080273763575,0.0,0.0
qwen,gsm8k,plurality_wrong,repair_tie_lower,leave_out:271828,2,400,0.0,11.0,0.0,0.0,0.25883296696803165,0.0,0.0
qwen,gsm8k,plurality_wrong,repair_tie_upper,all_seeds,3,400,1.0,20.0,0.05,0.008881448800795375,0.236131193446742,0.0,0.20062499999999092
qwen,gsm8k,plurality_wrong,repair_tie_upper,leave_out:42,2,400,1.0,15.0,0.06666666666666667,0.011866895493268581,0.2981652987378002,0.0,0.25
qwen,gsm8k,plurality_wrong,repair_tie_upper,leave_out:314159,2,400,1.0,14.0,0.07142857142857142,0.012722215247890939,0.31468704424151117,0.0,0.2777777777777778
qwen,gsm8k,plurality_wrong,repair_tie_upper,leave_out:271828,2,400,0.0,11.0,0.0,0.0,0.25883296696803165,0.0,0.0
qwen,gsm8k,first_chain_wrong,repair_plurality,all_seeds,3,400,16.0,40.0,0.4,0.26348325684291923,0.554041063396538,0.22217514124293788,0.6428571428571429
qwen,gsm8k,first_chain_wrong,repair_plurality,leave_out:42,2,400,8.0,25.0,0.32,0.1720519030690799,0.5158973072689776,0.14285714285714285,0.5454545454545454
qwen,gsm8k,first_chain_wrong,repair_plurality,leave_out:314159,2,400,10.0,27.0,0.37037037037037035,0.21532512960965605,0.5577076558789762,0.19230769230769232,0.6086956521739131
qwen,gsm8k,first_chain_wrong,repair_plurality,leave_out:271828,2,400,14.0,28.0,0.5,0.32633127457293465,0.6736687254270654,0.2727272727272727,0.7692307692307693
qwen,gsm8k,first_chain_wrong,repair_any,all_seeds,3,400,20.0,40.0,0.5,0.35199526933465386,0.6480047306653461,0.3,0.75
qwen,gsm8k,first_chain_wrong,repair_any,leave_out:42,2,400,11.0,25.0,0.44,0.26665638881067355,0.6293266813020123,0.21052631578947367,0.7037581699346398
qwen,gsm8k,first_chain_wrong,repair_any,leave_out:314159,2,400,13.0,27.0,0.48148148148148145,0.30743226976218474,0.6601438424504771,0.27586206896551724,0.7368421052631579
qwen,gsm8k,first_chain_wrong,repair_any,leave_out:271828,2,400,16.0,28.0,0.5714285714285714,0.3907078562746876,0.734914528758763,0.35,0.8148148148148148
qwen,gsm8k,first_chain_wrong,repair_tie_lower,all_seeds,3,400,14.0,40.0,0.35,0.22134528873176293,0.504941191627423,0.19298245614035087,0.5714285714285714
qwen,gsm8k,first_chain_wrong,repair_tie_lower,leave_out:42,2,400,7.0,25.0,0.28,0.14283853850956563,0.47576605190361576,0.10714285714285714,0.5
qwen,gsm8k,first_chain_wrong,repair_tie_lower,leave_out:314159,2,400,9.0,27.0,0.3333333333333333,0.18643261498715652,0.5217523949267993,0.15789473684210525,0.5652173913043478
qwen,gsm8k,first_chain_wrong,repair_tie_lower,leave_out:271828,2,400,12.0,28.0,0.42857142857142855,0.26508547124123705,0.6092921437253124,0.23529411764705882,0.6785714285714286
qwen,gsm8k,first_chain_wrong,repair_tie_upper,all_seeds,3,400,16.0,40.0,0.4,0.26348325684291923,0.554041063396538,0.22217514124293788,0.6428571428571429
qwen,gsm8k,first_chain_wrong,repair_tie_upper,leave_out:42,2,400,8.0,25.0,0.32,0.1720519030690799,0.5158973072689776,0.14285714285714285,0.5454545454545454
qwen,gsm8k,first_chain_wrong,repair_tie_upper,leave_out:314159,2,400,10.0,27.0,0.37037037037037035,0.21532512960965605,0.5577076558789762,0.19230769230769232,0.6086956521739131
qwen,gsm8k,first_chain_wrong,repair_tie_upper,leave_out:271828,2,400,14.0,28.0,0.5,0.32633127457293465,0.6736687254270654,0.2727272727272727,0.7692307692307693
qwen,math,strict_all_wrong,repair_plurality,all_seeds,3,400,0.0,36.0,0.0,0.0,0.09641862859446362,0.0,0.0
qwen,math,strict_all_wrong,repair_plurality,leave_out:42,2,400,0.0,23.0,0.0,0.0,0.14311661845042678,0.0,0.0
qwen,math,strict_all_wrong,repair_plurality,leave_out:314159,2,400,0.0,25.0,0.0,0.0,0.13319225093904843,0.0,0.0
qwen,math,strict_all_wrong,repair_plurality,leave_out:271828,2,400,0.0,24.0,0.0,0.0,0.13797620467498012,0.0,0.0
qwen,math,strict_all_wrong,repair_any,all_seeds,3,400,0.0,36.0,0.0,0.0,0.09641862859446362,0.0,0.0
qwen,math,strict_all_wrong,repair_any,leave_out:42,2,400,0.0,23.0,0.0,0.0,0.14311661845042678,0.0,0.0
qwen,math,strict_all_wrong,repair_any,leave_out:314159,2,400,0.0,25.0,0.0,0.0,0.13319225093904843,0.0,0.0
qwen,math,strict_all_wrong,repair_any,leave_out:271828,2,400,0.0,24.0,0.0,0.0,0.13797620467498012,0.0,0.0
qwen,math,strict_all_wrong,repair_tie_lower,all_seeds,3,400,0.0,36.0,0.0,0.0,0.09641862859446362,0.0,0.0
qwen,math,strict_all_wrong,repair_tie_lower,leave_out:42,2,400,0.0,23.0,0.0,0.0,0.14311661845042678,0.0,0.0
qwen,math,strict_all_wrong,repair_tie_lower,leave_out:314159,2,400,0.0,25.0,0.0,0.0,0.13319225093904843,0.0,0.0
qwen,math,strict_all_wrong,repair_tie_lower,leave_out:271828,2,400,0.0,24.0,0.0,0.0,0.13797620467498012,0.0,0.0
qwen,math,strict_all_wrong,repair_tie_upper,all_seeds,3,400,0.0,36.0,0.0,0.0,0.09641862859446362,0.0,0.0
qwen,math,strict_all_wrong,repair_tie_upper,leave_out:42,2,400,0.0,23.0,0.0,0.0,0.14311661845042678,0.0,0.0
qwen,math,strict_all_wrong,repair_tie_upper,leave_out:314159,2,400,0.0,25.0,0.0,0.0,0.13319225093904843,0.0,0.0
qwen,math,strict_all_wrong,repair_tie_upper,leave_out:271828,2,400,0.0,24.0,0.0,0.0,0.13797620467498012,0.0,0.0
qwen,math,plurality_wrong,repair_plurality,all_seeds,3,400,0.0,42.0,0.0,0.0,0.08379879086570388,0.0,0.0
qwen,math,plurality_wrong,repair_plurality,leave_out:42,2,400,0.0,26.0,0.0,0.0,0.12872892185921525,0.0,0.0
qwen,math,plurality_wrong,repair_plurality,leave_out:314159,2,400,0.0,30.0,0.0,0.0,0.11351339317396873,0.0,0.0
qwen,math,plurality_wrong,repair_plurality,leave_out:271828,2,400,0.0,28.0,0.0,0.0,0.12064330476584559,0.0,0.0
qwen,math,plurality_wrong,repair_any,all_seeds,3,400,0.0,42.0,0.0,0.0,0.08379879086570388,0.0,0.0
qwen,math,plurality_wrong,repair_any,leave_out:42,2,400,0.0,26.0,0.0,0.0,0.12872892185921525,0.0,0.0
qwen,math,plurality_wrong,repair_any,leave_out:314159,2,400,0.0,30.0,0.0,0.0,0.11351339317396873,0.0,0.0
qwen,math,plurality_wrong,repair_any,leave_out:271828,2,400,0.0,28.0,0.0,0.0,0.12064330476584559,0.0,0.0
qwen,math,plurality_wrong,repair_tie_lower,all_seeds,3,400,0.0,42.0,0.0,0.0,0.08379879086570388,0.0,0.0
qwen,math,plurality_wrong,repair_tie_lower,leave_out:42,2,400,0.0,26.0,0.0,0.0,0.12872892185921525,0.0,0.0
qwen,math,plurality_wrong,repair_tie_lower,leave_out:314159,2,400,0.0,30.0,0.0,0.0,0.11351339317396873,0.0,0.0
qwen,math,plurality_wrong,repair_tie_lower,leave_out:271828,2,400,0.0,28.0,0.0,0.0,0.12064330476584559,0.0,0.0
qwen,math,plurality_wrong,repair_tie_upper,all_seeds,3,400,0.0,42.0,0.0,0.0,0.08379879086570388,0.0,0.0
qwen,math,plurality_wrong,repair_tie_upper,leave_out:42,2,400,0.0,26.0,0.0,0.0,0.12872892185921525,0.0,0.0
qwen,math,plurality_wrong,repair_tie_upper,leave_out:314159,2,400,0.0,30.0,0.0,0.0,0.11351339317396873,0.0,0.0
qwen,math,plurality_wrong,repair_tie_upper,leave_out:271828,2,400,0.0,28.0,0.0,0.0,0.12064330476584559,0.0,0.0
qwen,math,first_chain_wrong,repair_plurality,all_seeds,3,400,24.0,99.0,0.24242424242424243,0.1686628935812074,0.3354281550597947,0.14285714285714285,0.36363636363636365
qwen,math,first_chain_wrong,repair_plurality,leave_out:42,2,400,15.0,64.0,0.234375,0.1474989559392414,0.3513325758256864,0.11938401214267647,0.37098842018196826
qwen,math,first_chain_wrong,repair_plurality,leave_out:314159,2,400,16.0,66.0,0.24242424242424243,0.15509184941772047,0.3580912860134978,0.136986301369863,0.3684412955465584
qwen,math,first_chain_wrong,repair_plurality,leave_out:271828,2,400,17.0,68.0,0.25,0.16235013970552145,0.3643855285545138,0.13792025862068966,0.3787878787878788
qwen,math,first_chain_wrong,repair_any,all_seeds,3,400,37.0,99.0,0.37373737373737376,0.2848318300138313,0.47207554677097374,0.25274725274725274,0.5096200980392156
qwen,math,first_chain_wrong,repair_any,leave_out:42,2,400,24.0,64.0,0.375,0.26665980178824633,0.49749621315995496,0.24589444923784873,0.5230769230769231
qwen,math,first_chain_wrong,repair_any,leave_out:314159,2,400,27.0,66.0,0.4090909090909091,0.2986741800934038,0.5295081029999675,0.27631578947368424,0.5573849306431272
qwen,math,first_chain_wrong,repair_any,leave_out:271828,2,400,23.0,68.0,0.3382352941176471,0.23714253215255418,0.45662760613335096,0.20833333333333334,0.4838709677419355
qwen,math,first_chain_wrong,repair_tie_lower,all_seeds,3,400,23.0,99.0,0.23232323232323232,0.16009113599176228,0.3245525027920242,0.1340183173784978,0.35106382978723405
qwen,math,first_chain_wrong,repair_tie_lower,leave_out:42,2,400,15.0,64.0,0.234375,0.1474989559392414,0.3513325758256864,0.11938401214267647,0.37098842018196826
qwen,math,first_chain_wrong,repair_tie_lower,leave_out:314159,2,400,15.0,66.0,0.22727272727272727,0.14285229563373036,0.34169455364638307,0.12345256215119228,0.3508771929824561
qwen,math,first_chain_wrong,repair_tie_lower,leave_out:271828,2,400,16.0,68.0,0.23529411764705882,0.1503449102029579,0.34855167971943235,0.125,0.3611111111111111
qwen,math,first_chain_wrong,repair_tie_upper,all_seeds,3,400,24.0,99.0,0.24242424242424243,0.1686628935812074,0.3354281550597947,0.14285714285714285,0.36363636363636365
qwen,math,first_chain_wrong,repair_tie_upper,leave_out:42,2,400,15.0,64.0,0.234375,0.1474989559392414,0.3513325758256864,0.11938401214267647,0.37098842018196826
qwen,math,first_chain_wrong,repair_tie_upper,leave_out:314159,2,400,16.0,66.0,0.24242424242424243,0.15509184941772047,0.3580912860134978,0.136986301369863,0.3684412955465584
qwen,math,first_chain_wrong,repair_tie_upper,leave_out:271828,2,400,17.0,68.0,0.25,0.16235013970552145,0.3643855285545138,0.13792025862068966,0.3787878787878788
llama,all,unconditional,base_plurality_accuracy,all_seeds,3,800,1841.0,2400.0,0.7670833333333333,0.7497538536741281,0.7835591879558882,0.7391666666666667,0.79375
llama,all,unconditional,base_plurality_accuracy,leave_out:42,2,800,1233.0,1600.0,0.770625,0.7493905544869954,0.7905630645176975,0.7425,0.7975
llama,all,unconditional,base_plurality_accuracy,leave_out:314159,2,800,1226.0,1600.0,0.76625,0.7448901686828048,0.7863344079823203,0.7375,0.79375
llama,all,unconditional,base_plurality_accuracy,leave_out:271828,2,800,1223.0,1600.0,0.764375,0.7429623775990611,0.7845211809205351,0.73625,0.791875
llama,all,unconditional,extended_plurality_accuracy,all_seeds,3,800,1858.0,2400.0,0.7741666666666667,0.7570077913241736,0.7904492779309756,0.7466666666666666,0.8004166666666666
llama,all,unconditional,extended_plurality_accuracy,leave_out:42,2,800,1243.0,1600.0,0.776875,0.7558251385905878,0.7965985408992021,0.749359375,0.80375
llama,all,unconditional,extended_plurality_accuracy,leave_out:314159,2,800,1236.0,1600.0,0.7725,0.7513202485741721,0.7923743885760499,0.744375,0.799375
llama,all,unconditional,extended_plurality_accuracy,leave_out:271828,2,800,1237.0,1600.0,0.773125,0.7519636089226035,0.792978034276128,0.745,0.8
llama,all,unconditional,base_pass_at_1,all_seeds,3,800,1614.875,2400.0,0.6728645833333333,,,0.6463515625,0.6986458333333334
llama,all,unconditional,base_pass_at_1,leave_out:42,2,800,1078.125,1600.0,0.673828125,,,0.64734375,0.6998457031249999
llama,all,unconditional,base_pass_at_1,leave_out:314159,2,800,1072.125,1600.0,0.670078125,,,0.643357421875,0.696015625
llama,all,unconditional,base_pass_at_1,leave_out:271828,2,800,1079.5,1600.0,0.6746875,,,0.6478105468750001,0.700859375
llama,all,unconditional,extended_pass_at_1,all_seeds,3,800,1639.375,2400.0,0.6830729166666667,,,0.6571341145833332,0.7080729166666667
llama,all,unconditional,extended_pass_at_1,leave_out:42,2,800,1095.25,1600.0,0.68453125,,,0.658515625,0.71
llama,all,unconditional,extended_pass_at_1,leave_out:314159,2,800,1088.625,1600.0,0.680390625,,,0.654140625,0.7059375
llama,all,unconditional,extended_pass_at_1,leave_out:271828,2,800,1094.875,1600.0,0.684296875,,,0.658125,0.70984375
llama,gsm8k,unconditional,base_plurality_accuracy,all_seeds,3,400,1125.0,1200.0,0.9375,0.9223590588153541,0.9498488156572529,0.9166666666666665,0.9566666666666667
llama,gsm8k,unconditional,base_plurality_accuracy,leave_out:42,2,400,750.0,800.0,0.9375,0.9185455662565782,0.9522729170634554,0.915,0.9575
llama,gsm8k,unconditional,base_plurality_accuracy,leave_out:314159,2,400,751.0,800.0,0.93875,0.919944761260124,0.9533617748693953,0.9175,0.95875
llama,gsm8k,unconditional,base_plurality_accuracy,leave_out:271828,2,400,749.0,800.0,0.93625,0.917148222748839,0.9511822077617087,0.91375,0.9575
llama,gsm8k,unconditional,extended_plurality_accuracy,all_seeds,3,400,1124.0,1200.0,0.9366666666666666,0.921444350587608,0.9491021755526701,0.915,0.9558333333333334
llama,gsm8k,unconditional,extended_plurality_accuracy,leave_out:42,2,400,749.0,800.0,0.93625,0.917148222748839,0.9511822077617087,0.91375,0.95625
llama,gsm8k,unconditional,extended_plurality_accuracy,leave_out:314159,2,400,750.0,800.0,0.9375,0.9185455662565782,0.9522729170634554,0.91625,0.9575
llama,gsm8k,unconditional,extended_plurality_accuracy,leave_out:271828,2,400,749.0,800.0,0.93625,0.917148222748839,0.9511822077617087,0.91375,0.9575
llama,gsm8k,unconditional,base_pass_at_1,all_seeds,3,400,1032.875,1200.0,0.8607291666666667,,,0.8375,0.8823958333333333
llama,gsm8k,unconditional,base_pass_at_1,leave_out:42,2,400,689.375,800.0,0.86171875,,,0.83828125,0.88375
llama,gsm8k,unconditional,base_pass_at_1,leave_out:314159,2,400,686.875,800.0,0.85859375,,,0.83515625,0.88078125
llama,gsm8k,unconditional,base_pass_at_1,leave_out:271828,2,400,689.5,800.0,0.861875,,,0.838125,0.8840625
llama,gsm8k,unconditional,extended_pass_at_1,all_seeds,3,400,1033.875,1200.0,0.8615625,,,0.8384375,0.883125
llama,gsm8k,unconditional,extended_pass_at_1,leave_out:42,2,400,690.125,800.0,0.86265625,,,0.839375,0.884375
llama,gsm8k,unconditional,extended_pass_at_1,leave_out:314159,2,400,687.375,800.0,0.85921875,,,0.83593359375,0.88125
llama,gsm8k,unconditional,extended_pass_at_1,leave_out:271828,2,400,690.25,800.0,0.8628125,,,0.83921875,0.8846875
llama,math,unconditional,base_plurality_accuracy,all_seeds,3,400,716.0,1200.0,0.5966666666666667,0.5686449001068568,0.6240715064432811,0.5525,0.6408541666666665
llama,math,unconditional,base_plurality_accuracy,leave_out:42,2,400,483.0,800.0,0.60375,0.5694381487258573,0.6370702344614649,0.55875,0.64875
llama,math,unconditional,base_plurality_accuracy,leave_out:314159,2,400,475.0,800.0,0.59375,0.559347335145243,0.6272566255661928,0.54875,0.63875
llama,math,unconditional,base_plurality_accuracy,leave_out:271828,2,400,474.0,800.0,0.5925,0.5580870075909802,0.6260289003109699,0.5475,0.6375
llama,math,unconditional,extended_plurality_accuracy,all_seeds,3,400,734.0,1200.0,0.6116666666666667,0.5837769564200789,0.6388437201119771,0.5675,0.6558333333333334
llama,math,unconditional,extended_plurality_accuracy,leave_out:42,2,400,494.0,800.0,0.6175,0.5833370535908218,0.6505399105008445,0.5725,0.6625
llama,math,unconditional,extended_plurality_accuracy,leave_out:314159,2,400,486.0,800.0,0.6075,0.5732259822879441,0.6407465593278358,0.5625,0.6525
llama,math,unconditional,extended_plurality_accuracy,leave_out:271828,2,400,488.0,800.0,0.61,0.5757523577050867,0.6431962895296646,0.565,0.655
llama,math,unconditional,base_pass_at_1,all_seeds,3,400,582.0,1200.0,0.485,,,0.4464583333333333,0.5235442708333333
llama,math,unconditional,base_pass_at_1,leave_out:42,2,400,388.75,800.0,0.4859375,,,0.44734375,0.525
llama,math,unconditional,base_pass_at_1,leave_out:314159,2,400,385.25,800.0,0.4815625,,,0.44328125,0.52078125
llama,math,unconditional,base_pass_at_1,leave_out:271828,2,400,390.0,800.0,0.4875,,,0.4484375,0.5267226562499999
llama,math,unconditional,extended_pass_at_1,all_seeds,3,400,605.5,1200.0,0.5045833333333334,,,0.46697916666666667,0.5426041666666667
llama,math,unconditional,extended_pass_at_1,leave_out:42,2,400,405.125,800.0,0.50640625,,,0.4684375,0.5451601562499999
llama,math,unconditional,extended_pass_at_1,leave_out:314159,2,400,401.25,800.0,0.5015625,,,0.46375,0.53984375
llama,math,unconditional,extended_pass_at_1,leave_out:271828,2,400,404.625,800.0,0.50578125,,,0.4675,0.544375
llama,all,strict_all_wrong,repair_plurality,all_seeds,3,800,0.0,95.0,0.0,0.0,0.03886485353947295,0.0,0.0
llama,all,strict_all_wrong,repair_plurality,leave_out:42,2,800,0.0,62.0,0.0,0.0,0.058344072101372456,0.0,0.0
llama,all,strict_all_wrong,repair_plurality,leave_out:314159,2,800,0.0,65.0,0.0,0.0,0.05580153132285686,0.0,0.0
llama,all,strict_all_wrong,repair_plurality,leave_out:271828,2,800,0.0,63.0,0.0,3.469446951953614e-18,0.05747119958885169,0.0,0.0
llama,all,strict_all_wrong,repair_any,all_seeds,3,800,0.0,95.0,0.0,0.0,0.03886485353947295,0.0,0.0
llama,all,strict_all_wrong,repair_any,leave_out:42,2,800,0.0,62.0,0.0,0.0,0.058344072101372456,0.0,0.0
llama,all,strict_all_wrong,repair_any,leave_out:314159,2,800,0.0,65.0,0.0,0.0,0.05580153132285686,0.0,0.0
llama,all,strict_all_wrong,repair_any,leave_out:271828,2,800,0.0,63.0,0.0,3.469446951953614e-18,0.05747119958885169,0.0,0.0
llama,all,strict_all_wrong,repair_tie_lower,all_seeds,3,800,0.0,95.0,0.0,0.0,0.03886485353947295,0.0,0.0
llama,all,strict_all_wrong,repair_tie_lower,leave_out:42,2,800,0.0,62.0,0.0,0.0,0.058344072101372456,0.0,0.0
llama,all,strict_all_wrong,repair_tie_lower,leave_out:314159,2,800,0.0,65.0,0.0,0.0,0.05580153132285686,0.0,0.0
llama,all,strict_all_wrong,repair_tie_lower,leave_out:271828,2,800,0.0,63.0,0.0,3.469446951953614e-18,0.05747119958885169,0.0,0.0
llama,all,strict_all_wrong,repair_tie_upper,all_seeds,3,800,0.0,95.0,0.0,0.0,0.03886485353947295,0.0,0.0
llama,all,strict_all_wrong,repair_tie_upper,leave_out:42,2,800,0.0,62.0,0.0,0.0,0.058344072101372456,0.0,0.0
llama,all,strict_all_wrong,repair_tie_upper,leave_out:314159,2,800,0.0,65.0,0.0,0.0,0.05580153132285686,0.0,0.0
llama,all,strict_all_wrong,repair_tie_upper,leave_out:271828,2,800,0.0,63.0,0.0,3.469446951953614e-18,0.05747119958885169,0.0,0.0
llama,all,plurality_wrong,repair_plurality,all_seeds,3,800,0.0,209.0,0.0,1.734723475976807e-18,0.01804845184758068,0.0,0.0
llama,all,plurality_wrong,repair_plurality,leave_out:42,2,800,0.0,133.0,0.0,0.0,0.02807233168807165,0.0,0.0
llama,all,plurality_wrong,repair_plurality,leave_out:314159,2,800,0.0,141.0,0.0,0.0,0.026521818075925633,0.0,0.0
llama,all,plurality_wrong,repair_plurality,leave_out:271828,2,800,0.0,144.0,0.0,0.0,0.025983637143036732,0.0,0.0
llama,all,plurality_wrong,repair_any,all_seeds,3,800,0.0,209.0,0.0,1.734723475976807e-18,0.01804845184758068,0.0,0.0
llama,all,plurality_wrong,repair_any,leave_out:42,2,800,0.0,133.0,0.0,0.0,0.02807233168807165,0.0,0.0
llama,all,plurality_wrong,repair_any,leave_out:314159,2,800,0.0,141.0,0.0,0.0,0.026521818075925633,0.0,0.0
llama,all,plurality_wrong,repair_any,leave_out:271828,2,800,0.0,144.0,0.0,0.0,0.025983637143036732,0.0,0.0
llama,all,plurality_wrong,repair_tie_lower,all_seeds,3,800,0.0,209.0,0.0,1.734723475976807e-18,0.01804845184758068,0.0,0.0
llama,all,plurality_wrong,repair_tie_lower,leave_out:42,2,800,0.0,133.0,0.0,0.0,0.02807233168807165,0.0,0.0
llama,all,plurality_wrong,repair_tie_lower,leave_out:314159,2,800,0.0,141.0,0.0,0.0,0.026521818075925633,0.0,0.0
llama,all,plurality_wrong,repair_tie_lower,leave_out:271828,2,800,0.0,144.0,0.0,0.0,0.025983637143036732,0.0,0.0
llama,all,plurality_wrong,repair_tie_upper,all_seeds,3,800,26.0,209.0,0.12440191387559808,0.08632665373343648,0.17603510196067915,0.0772449653350941,0.17857142857142858
llama,all,plurality_wrong,repair_tie_upper,leave_out:42,2,800,17.0,133.0,0.12781954887218044,0.08135784146642326,0.19517720242169018,0.07092198581560284,0.19230769230769232
llama,all,plurality_wrong,repair_tie_upper,leave_out:314159,2,800,18.0,141.0,0.1276595744680851,0.08229834283843823,0.19277109615427235,0.07228915662650602,0.1920593479368313
llama,all,plurality_wrong,repair_tie_upper,leave_out:271828,2,800,17.0,144.0,0.11805555555555555,0.07502830197176064,0.18093142084583685,0.06547619047619048,0.17763157894736842
llama,all,first_chain_wrong,repair_plurality,all_seeds,3,800,203.0,532.0,0.3815789473684211,0.3412886231027501,0.423567197726592,0.33214253481175865,0.43446069676485877
llama,all,first_chain_wrong,repair_plurality,leave_out:42,2,800,139.0,351.0,0.396011396011396,0.3462386140057443,0.4480357071442884,0.3402351680577487,0.45454545454545453
llama,all,first_chain_wrong,repair_plurality,leave_out:314159,2,800,144.0,362.0,0.39779005524861877,0.3486981613896774,0.44902842695670014,0.34196853969388363,0.45645645645645644
llama,all,first_chain_wrong,repair_plurality,leave_out:271828,2,800,123.0,351.0,0.3504273504273504,0.3023788267512199,0.40171437490293677,0.2961035333381702,0.40771411353797715
llama,all,first_chain_wrong,repair_any,all_seeds,3,800,328.0,532.0,0.6165413533834586,0.5745283900366609,0.6568833418455737,0.5602156495723818,0.6710526315789473
llama,all,first_chain_wrong,repair_any,leave_out:42,2,800,219.0,351.0,0.6239316239316239,0.5721718398376724,0.6730080787917406,0.5626558503836318,0.6822429906542056
llama,all,first_chain_wrong,repair_any,leave_out:314159,2,800,226.0,362.0,0.6243093922651933,0.573360085920308,0.6726481174422055,0.5661364258347017,0.6818181818181818
llama,all,first_chain_wrong,repair_any,leave_out:271828,2,800,211.0,351.0,0.6011396011396012,0.5490846922740708,0.6510046666074044,0.5395884073098397,0.6612477052189877
llama,all,first_chain_wrong,repair_tie_lower,all_seeds,3,800,184.0,532.0,0.3458646616541353,0.3066812401478261,0.38725808220147634,0.29650067849180967,0.39768339768339767
llama,all,first_chain_wrong,repair_tie_lower,leave_out:42,2,800,124.0,351.0,0.35327635327635326,0.30510606835578225,0.40462345326686666,0.29916897506925205,0.4101796407185629
llama,all,first_chain_wrong,repair_tie_lower,leave_out:314159,2,800,130.0,362.0,0.35911602209944754,0.3114134542356807,0.4097772486201371,0.3045822102425876,0.4155880636217715
llama,all,first_chain_wrong,repair_tie_lower,leave_out:271828,2,800,114.0,351.0,0.3247863247863248,0.27792141642372903,0.37544490551399745,0.270490071577003,0.3816182196663372
llama,all,first_chain_wrong,repair_tie_upper,all_seeds,3,800,234.0,532.0,0.4398496240601504,0.39825105317100923,0.4823106335994503,0.38800633185879085,0.49385308631649383
llama,all,first_chain_wrong,repair_tie_upper,leave_out:42,2,800,157.0,351.0,0.4472934472934473,0.39612708088283144,0.4996009997000619,0.38904879396786546,0.5072046109510087
llama,all,first_chain_wrong,repair_tie_upper,leave_out:314159,2,800,166.0,362.0,0.4585635359116022,0.4079374456500767,0.5100598198957519,0.40112955006845763,0.5176159732185558
llama,all,first_chain_wrong,repair_tie_upper,leave_out:271828,2,800,145.0,351.0,0.4131054131054131,0.3628054731970948,0.46528676776389144,0.3554806260299444,0.473687835290706
llama,gsm8k,strict_all_wrong,repair_plurality,all_seeds,3,400,0.0,22.0,0.0,0.0,0.14865487460862087,0.0,0.0
llama,gsm8k,strict_all_wrong,repair_plurality,leave_out:42,2,400,0.0,13.0,0.0,0.0,0.2280953723541983,0.0,0.0
llama,gsm8k,strict_all_wrong,repair_plurality,leave_out:314159,2,400,0.0,16.0,0.0,0.0,0.19360768053443644,0.0,0.0
llama,gsm8k,strict_all_wrong,repair_plurality,leave_out:271828,2,400,0.0,15.0,0.0,0.0,0.20388330103584854,0.0,0.0
llama,gsm8k,strict_all_wrong,repair_any,all_seeds,3,400,0.0,22.0,0.0,0.0,0.14865487460862087,0.0,0.0
llama,gsm8k,strict_all_wrong,repair_any,leave_out:42,2,400,0.0,13.0,0.0,0.0,0.2280953723541983,0.0,0.0
llama,gsm8k,strict_all_wrong,repair_any,leave_out:314159,2,400,0.0,16.0,0.0,0.0,0.19360768053443644,0.0,0.0
llama,gsm8k,strict_all_wrong,repair_any,leave_out:271828,2,400,0.0,15.0,0.0,0.0,0.20388330103584854,0.0,0.0
llama,gsm8k,strict_all_wrong,repair_tie_lower,all_seeds,3,400,0.0,22.0,0.0,0.0,0.14865487460862087,0.0,0.0
llama,gsm8k,strict_all_wrong,repair_tie_lower,leave_out:42,2,400,0.0,13.0,0.0,0.0,0.2280953723541983,0.0,0.0
llama,gsm8k,strict_all_wrong,repair_tie_lower,leave_out:314159,2,400,0.0,16.0,0.0,0.0,0.19360768053443644,0.0,0.0
llama,gsm8k,strict_all_wrong,repair_tie_lower,leave_out:271828,2,400,0.0,15.0,0.0,0.0,0.20388330103584854,0.0,0.0
llama,gsm8k,strict_all_wrong,repair_tie_upper,all_seeds,3,400,0.0,22.0,0.0,0.0,0.14865487460862087,0.0,0.0
llama,gsm8k,strict_all_wrong,repair_tie_upper,leave_out:42,2,400,0.0,13.0,0.0,0.0,0.2280953723541983,0.0,0.0
llama,gsm8k,strict_all_wrong,repair_tie_upper,leave_out:314159,2,400,0.0,16.0,0.0,0.0,0.19360768053443644,0.0,0.0
llama,gsm8k,strict_all_wrong,repair_tie_upper,leave_out:271828,2,400,0.0,15.0,0.0,0.0,0.20388330103584854,0.0,0.0
llama,gsm8k,plurality_wrong,repair_plurality,all_seeds,3,400,0.0,68.0,0.0,3.469446951953614e-18,0.05347133652007051,0.0,0.0
llama,gsm8k,plurality_wrong,repair_plurality,leave_out:42,2,400,0.0,44.0,0.0,0.0,0.08029560375848063,0.0,0.0
llama,gsm8k,plurality_wrong,repair_plurality,leave_out:314159,2,400,0.0,44.0,0.0,0.0,0.08029560375848063,0.0,0.0
llama,gsm8k,plurality_wrong,repair_plurality,leave_out:271828,2,400,0.0,48.0,0.0,0.0,0.07410012966611745,0.0,0.0
llama,gsm8k,plurality_wrong,repair_any,all_seeds,3,400,0.0,68.0,0.0,3.469446951953614e-18,0.05347133652007051,0.0,0.0
llama,gsm8k,plurality_wrong,repair_any,leave_out:42,2,400,0.0,44.0,0.0,0.0,0.08029560375848063,0.0,0.0
llama,gsm8k,plurality_wrong,repair_any,leave_out:314159,2,400,0.0,44.0,0.0,0.0,0.08029560375848063,0.0,0.0
llama,gsm8k,plurality_wrong,repair_any,leave_out:271828,2,400,0.0,48.0,0.0,0.0,0.07410012966611745,0.0,0.0
llama,gsm8k,plurality_wrong,repair_tie_lower,all_seeds,3,400,0.0,68.0,0.0,3.469446951953614e-18,0.05347133652007051,0.0,0.0
llama,gsm8k,plurality_wrong,repair_tie_lower,leave_out:42,2,400,0.0,44.0,0.0,0.0,0.08029560375848063,0.0,0.0
llama,gsm8k,plurality_wrong,repair_tie_lower,leave_out:314159,2,400,0.0,44.0,0.0,0.0,0.08029560375848063,0.0,0.0
llama,gsm8k,plurality_wrong,repair_tie_lower,leave_out:271828,2,400,0.0,48.0,0.0,0.0,0.07410012966611745,0.0,0.0
llama,gsm8k,plurality_wrong,repair_tie_upper,all_seeds,3,400,12.0,68.0,0.17647058823529413,0.10393587249437693,0.2836044040774335,0.07352941176470588,0.30434782608695654
llama,gsm8k,plurality_wrong,repair_tie_upper,leave_out:42,2,400,9.0,44.0,0.20454545454545456,0.11153253070081295,0.3450057806110165,0.0847457627118644,0.35294117647058826
llama,gsm8k,plurality_wrong,repair_tie_upper,leave_out:314159,2,400,8.0,44.0,0.18181818181818182,0.09512805715627728,0.3196055088718467,0.06382978723404255,0.32558139534883723
llama,gsm8k,plurality_wrong,repair_tie_upper,leave_out:271828,2,400,7.0,48.0,0.14583333333333334,0.07248249326603709,0.2716717652474627,0.044444444444444446,0.2727272727272727
llama,gsm8k,first_chain_wrong,repair_plurality,all_seeds,3,400,89.0,145.0,0.6137931034482759,0.5325830136323352,0.6891294061562557,0.5106382978723404,0.7238805970149254
llama,gsm8k,first_chain_wrong,repair_plurality,leave_out:42,2,400,60.0,97.0,0.6185567010309279,0.5191274393745442,0.708953354665695,0.5104166666666666,0.7325610177296799
llama,gsm8k,first_chain_wrong,repair_plurality,leave_out:314159,2,400,63.0,98.0,0.6428571428571429,0.5442524878517956,0.7306846578277244,0.532608695652174,0.75454974271012
llama,gsm8k,first_chain_wrong,repair_plurality,leave_out:271828,2,400,55.0,95.0,0.5789473684210527,0.4784963648984185,0.6732618161216647,0.4596719703574542,0.7083333333333334
llama,gsm8k,first_chain_wrong,repair_any,all_seeds,3,400,121.0,145.0,0.8344827586206897,0.7655234237622384,0.8861767192527106,0.7414965986394558,0.9248131166065453
llama,gsm8k,first_chain_wrong,repair_any,leave_out:42,2,400,82.0,97.0,0.845360824742268,0.7604204906178779,0.9039887789776014,0.75,0.9361702127659575
llama,gsm8k,first_chain_wrong,repair_any,leave_out:314159,2,400,80.0,98.0,0.8163265306122449,0.7282500277598462,0.8805393662448048,0.7159061004784689,0.9117647058823529
llama,gsm8k,first_chain_wrong,repair_any,leave_out:271828,2,400,80.0,95.0,0.8421052631578947,0.7557039468613879,0.9019148375589726,0.7441860465116279,0.9347826086956522
llama,gsm8k,first_chain_wrong,repair_tie_lower,all_seeds,3,400,83.0,145.0,0.5724137931034483,0.4910437754718651,0.6500459462117838,0.46874553571428573,0.6846153846153846
llama,gsm8k,first_chain_wrong,repair_tie_lower,leave_out:42,2,400,55.0,97.0,0.5670103092783505,0.46771584556481216,0.6611993858492361,0.456787693205016,0.6814159292035398
llama,gsm8k,first_chain_wrong,repair_tie_lower,leave_out:314159,2,400,58.0,98.0,0.5918367346938775,0.4928537159343792,0.683891592002455,0.4777777777777778,0.7073170731707317
llama,gsm8k,first_chain_wrong,repair_tie_lower,leave_out:271828,2,400,53.0,95.0,0.5578947368421052,0.4577109695973124,0.6535783631507485,0.4375,0.686046511627907
llama,gsm8k,first_chain_wrong,repair_tie_upper,all_seeds,3,400,93.0,145.0,0.6413793103448275,0.5605961054218109,0.7148647797700747,0.5395659787959106,0.75
llama,gsm8k,first_chain_wrong,repair_tie_upper,leave_out:42,2,400,63.0,97.0,0.6494845360824743,0.5504910713012011,0.7370890603147527,0.5412844036697247,0.7596153846153846
llama,gsm8k,first_chain_wrong,repair_tie_upper,leave_out:314159,2,400,65.0,98.0,0.6632653061224489,0.5651152259128324,0.7490986548637616,0.5544554455445545,0.7752808988764045
llama,gsm8k,first_chain_wrong,repair_tie_upper,leave_out:271828,2,400,58.0,95.0,0.6105263157894737,0.5100024053334903,0.7024590480946263,0.49074074074074076,0.7341772151898734
llama,math,strict_all_wrong,repair_plurality,all_seeds,3,400,0.0,73.0,0.0,0.0,0.049992007955731096,0.0,0.0
llama,math,strict_all_wrong,repair_plurality,leave_out:42,2,400,0.0,49.0,0.0,0.0,0.07269781922049635,0.0,0.0
llama,math,strict_all_wrong,repair_plurality,leave_out:314159,2,400,0.0,49.0,0.0,0.0,0.07269781922049635,0.0,0.0
llama,math,strict_all_wrong,repair_plurality,leave_out:271828,2,400,0.0,48.0,0.0,0.0,0.07410012966611745,0.0,0.0
llama,math,strict_all_wrong,repair_any,all_seeds,3,400,0.0,73.0,0.0,0.0,0.049992007955731096,0.0,0.0
llama,math,strict_all_wrong,repair_any,leave_out:42,2,400,0.0,49.0,0.0,0.0,0.07269781922049635,0.0,0.0
llama,math,strict_all_wrong,repair_any,leave_out:314159,2,400,0.0,49.0,0.0,0.0,0.07269781922049635,0.0,0.0
llama,math,strict_all_wrong,repair_any,leave_out:271828,2,400,0.0,48.0,0.0,0.0,0.07410012966611745,0.0,0.0
llama,math,strict_all_wrong,repair_tie_lower,all_seeds,3,400,0.0,73.0,0.0,0.0,0.049992007955731096,0.0,0.0
llama,math,strict_all_wrong,repair_tie_lower,leave_out:42,2,400,0.0,49.0,0.0,0.0,0.07269781922049635,0.0,0.0
llama,math,strict_all_wrong,repair_tie_lower,leave_out:314159,2,400,0.0,49.0,0.0,0.0,0.07269781922049635,0.0,0.0
llama,math,strict_all_wrong,repair_tie_lower,leave_out:271828,2,400,0.0,48.0,0.0,0.0,0.07410012966611745,0.0,0.0
llama,math,strict_all_wrong,repair_tie_upper,all_seeds,3,400,0.0,73.0,0.0,0.0,0.049992007955731096,0.0,0.0
llama,math,strict_all_wrong,repair_tie_upper,leave_out:42,2,400,0.0,49.0,0.0,0.0,0.07269781922049635,0.0,0.0
llama,math,strict_all_wrong,repair_tie_upper,leave_out:314159,2,400,0.0,49.0,0.0,0.0,0.07269781922049635,0.0,0.0
llama,math,strict_all_wrong,repair_tie_upper,leave_out:271828,2,400,0.0,48.0,0.0,0.0,0.07410012966611745,0.0,0.0
llama,math,plurality_wrong,repair_plurality,all_seeds,3,400,0.0,141.0,0.0,0.0,0.026521818075925633,0.0,0.0
llama,math,plurality_wrong,repair_plurality,leave_out:42,2,400,0.0,89.0,0.0,0.0,0.0413765452362525,0.0,0.0
llama,math,plurality_wrong,repair_plurality,leave_out:314159,2,400,0.0,97.0,0.0,0.0,0.038094042525947676,0.0,0.0
llama,math,plurality_wrong,repair_plurality,leave_out:271828,2,400,0.0,96.0,0.0,0.0,0.038475587857675665,0.0,0.0
llama,math,plurality_wrong,repair_any,all_seeds,3,400,0.0,141.0,0.0,0.0,0.026521818075925633,0.0,0.0
llama,math,plurality_wrong,repair_any,leave_out:42,2,400,0.0,89.0,0.0,0.0,0.0413765452362525,0.0,0.0
llama,math,plurality_wrong,repair_any,leave_out:314159,2,400,0.0,97.0,0.0,0.0,0.038094042525947676,0.0,0.0
llama,math,plurality_wrong,repair_any,leave_out:271828,2,400,0.0,96.0,0.0,0.0,0.038475587857675665,0.0,0.0
llama,math,plurality_wrong,repair_tie_lower,all_seeds,3,400,0.0,141.0,0.0,0.0,0.026521818075925633,0.0,0.0
llama,math,plurality_wrong,repair_tie_lower,leave_out:42,2,400,0.0,89.0,0.0,0.0,0.0413765452362525,0.0,0.0
llama,math,plurality_wrong,repair_tie_lower,leave_out:314159,2,400,0.0,97.0,0.0,0.0,0.038094042525947676,0.0,0.0
llama,math,plurality_wrong,repair_tie_lower,leave_out:271828,2,400,0.0,96.0,0.0,0.0,0.038475587857675665,0.0,0.0
llama,math,plurality_wrong,repair_tie_upper,all_seeds,3,400,14.0,141.0,0.09929078014184398,0.060070077586104775,0.15976655675843138,0.05384615384615385,0.15447154471544716
llama,math,plurality_wrong,repair_tie_upper,leave_out:42,2,400,8.0,89.0,0.0898876404494382,0.04625242914595065,0.1674609169467059,0.03488372093023256,0.15714686998394858
llama,math,plurality_wrong,repair_tie_upper,leave_out:314159,2,400,10.0,97.0,0.10309278350515463,0.056967493385810426,0.17945767439251914,0.047607816711590305,0.16981132075471697
llama,math,plurality_wrong,repair_tie_upper,leave_out:271828,2,400,10.0,96.0,0.10416666666666667,0.057571532417443415,0.1812216413032165,0.047619047619047616,0.1717171717171717
llama,math,first_chain_wrong,repair_plurality,all_seeds,3,400,114.0,387.0,0.29457364341085274,0.25135469815607053,0.3418307318651999,0.24087591240875914,0.35185185185185186
llama,math,first_chain_wrong,repair_plurality,leave_out:42,2,400,79.0,254.0,0.3110236220472441,0.2572661120823292,0.37041207264761566,0.24904214559386972,0.37838107031334123
llama,math,first_chain_wrong,repair_plurality,leave_out:314159,2,400,81.0,264.0,0.3068181818181818,0.25428961685580703,0.36488808457583094,0.24497991967871485,0.3702290076335878
llama,math,first_chain_wrong,repair_plurality,leave_out:271828,2,400,68.0,256.0,0.265625,0.2152766909427579,0.32290324175686935,0.208955223880597,0.32510467927134595
llama,math,first_chain_wrong,repair_any,all_seeds,3,400,207.0,387.0,0.5348837209302325,0.48509058853175585,0.5839911308985943,0.4712035323911874,0.5989720485952528
llama,math,first_chain_wrong,repair_any,leave_out:42,2,400,137.0,254.0,0.5393700787401575,0.47794041362940853,0.5996266312185197,0.4684003105736201,0.611353711790393
llama,math,first_chain_wrong,repair_any,leave_out:314159,2,400,146.0,264.0,0.553030303030303,0.4927229689360742,0.6118164855728877,0.484251968503937,0.6219554344160952
llama,math,first_chain_wrong,repair_any,leave_out:271828,2,400,131.0,256.0,0.51171875,0.4507675133337101,0.5723234900313086,0.4410616448609323,0.5826847043055787
llama,math,first_chain_wrong,repair_tie_lower,all_seeds,3,400,101.0,387.0,0.26098191214470284,0.21972860674363676,0.3069336860484075,0.21012551856185513,0.3166688481675392
llama,math,first_chain_wrong,repair_tie_lower,leave_out:42,2,400,69.0,254.0,0.27165354330708663,0.2206555178673652,0.32945562201465156,0.21137644543776116,0.3373015873015873
llama,math,first_chain_wrong,repair_tie_lower,leave_out:314159,2,400,72.0,264.0,0.2727272727272727,0.2225511646715541,0.32942260171860815,0.21455903866248693,0.3345724907063197
llama,math,first_chain_wrong,repair_tie_lower,leave_out:271828,2,400,61.0,256.0,0.23828125,0.19020540036637051,0.2940955244815466,0.18333167330677289,0.29777818627450975
llama,math,first_chain_wrong,repair_tie_upper,all_seeds,3,400,141.0,387.0,0.3643410852713178,0.31794531167572276,0.41340355720624816,0.30806816996720704,0.4264378872762691
llama,math,first_chain_wrong,repair_tie_upper,leave_out:42,2,400,94.0,254.0,0.3700787401574803,0.3130491400854175,0.43097961191641965,0.3054369350665943,0.44014118494752297
llama,math,first_chain_wrong,repair_tie_upper,leave_out:314159,2,400,101.0,264.0,0.38257575757575757,0.32603060249748556,0.4424891768040982,0.31966904967336374,0.4496124031007752
llama,math,first_chain_wrong,repair_tie_upper,leave_out:271828,2,400,87.0,256.0,0.33984375,0.28457152593543,0.39985142807598195,0.27715355805243447,0.4069801911940435
